Person,Age,Gender,Own Home,Married,Close,Salary,Children,History,Catalogs,Region,State,City,First Purchase,Amount Spent,,,,
1,1,0,0,0,1,"$16,400",1,1,12,South,Florida,Orlando,23/10/2011,$218,,,,
2,2,0,1,1,0,"$108,100",3,3,18,Midwest,Illinois,Chicago,25/05/2009,"$2,632",,,,
3,2,1,1,1,1,"$97,300",1,NA,12,South,Florida,Orlando,18/08/2015,"$3,048",,,,
4,3,1,1,1,1,"$26,800",0,1,12,East,Ohio,Cleveland,26/12/2012,$435,,,,
5,1,1,0,0,1,"$11,200",0,NA,6,Midwest,Illinois,Chicago,04/08/2015,$106,,,,
6,2,0,0,0,1,"$42,800",0,2,12,West,Arizona,Phoenix,04/03/2013,$759,,,,
7,2,0,0,0,1,"$34,700",0,NA,18,Midwest,Kansas,Kansas City,11/06/2015,"$1,615",,,,
8,3,0,1,1,0,"$80,000",0,3,6,West,California,San Francisco,17/08/2009,"$1,985",,,,
9,2,1,1,0,1,"$60,300",0,NA,24,Midwest,Illinois,Chicago,29/05/2015,"$2,091",,,,
10,3,1,1,1,0,"$62,300",0,3,24,South,Florida,Orlando,09/06/2011,"$2,644",,,,
11,2,1,0,1,1,"$94,200",1,3,18,East,New York,Buffalo,27/04/2011,"$1,211",,,,
12,2,1,1,1,0,"$73,800",0,3,24,West,Utah,Salt Lake City,13/08/2011,"$3,120",,,,
13,2,1,1,0,1,"$45,900",2,1,12,South,Louisiana,New Orleans,02/06/2011,$416,,,,
14,2,1,0,0,0,"$52,600",1,NA,18,East,New York,Buffalo,08/04/2015,"$1,773",,,,
15,2,0,1,1,1,"$82,200",1,NA,12,West,California,Los Angeles,15/04/2015,"$1,517",,,,
16,2,0,1,1,1,"$76,700",2,2,6,East,Pennsylvania,Philadelphia,28/07/2012,$534,,,,
17,2,0,1,1,1,"$79,400",3,1,6,South,Tennessee,Memphis,01/03/2015,$200,,,,
18,2,1,1,1,1,"$66,900",0,3,12,West,Washington,Seattle,12/05/2009,"$1,220",,,,
19,1,0,0,0,1,"$12,400",1,NA,12,South,Florida,Miami,23/04/2015,$229,,,,
20,1,1,0,1,1,"$52,600",1,2,12,South,Louisiana,New Orleans,28/05/2011,"$1,052",,,,
21,3,0,1,0,0,"$28,300",0,2,24,Midwest,Missouri,St. Louis,26/10/2009,$933,,,,
22,2,1,1,0,0,"$53,900",0,NA,12,South,Texas,Houston,30/01/2015,"$1,186",,,,
23,3,0,0,0,1,"$28,900",0,1,12,South,Tennessee,Memphis,09/01/2011,$830,,,,
24,1,0,0,0,1,"$15,900",0,NA,18,East,Ohio,Cleveland,13/06/2015,$406,,,,
25,2,1,0,0,1,"$50,700",3,1,6,Midwest,Ohio,Cincinnati,25/05/2014,$157,,,,
26,1,1,0,0,0,"$17,800",1,NA,18,South,Florida,Miami,19/05/2015,$589,,,,
27,2,0,1,0,1,"$51,300",0,2,24,West,California,Los Angeles,26/12/2014,"$1,424",,,,
28,3,0,1,1,1,"$74,400",0,3,18,East,New York,Buffalo,06/06/2010,"$2,479",,,,
29,2,0,1,1,1,"$88,200",0,NA,24,South,Florida,Miami,10/03/2015,"$2,749",,,,
30,2,1,1,1,0,"$79,000",1,3,18,East,Massachusetts,Boston,03/04/2013,"$2,279",,,,
31,2,0,1,0,0,"$55,200",0,3,18,East,New York,New York,01/09/2010,"$1,714",,,,
32,2,1,1,1,1,"$95,800",3,1,12,Midwest,Missouri,St. Louis,01/02/2013,$678,,,,
33,1,0,0,0,0,"$13,700",2,NA,24,West,Arizona,Phoenix,25/07/2015,$414,,,,
34,2,0,1,0,1,"$41,300",1,NA,18,East,New York,New York,20/06/2015,$932,,,,
35,2,1,1,0,0,"$65,400",1,3,12,South,Florida,Orlando,26/04/2011,"$2,290",,,,
36,1,0,1,0,0,"$29,600",3,NA,12,East,Ohio,Cleveland,30/05/2015,$774,,,,
37,1,1,0,1,1,"$49,800",0,2,12,Midwest,Ohio,Cincinnati,08/04/2014,$827,,,,
38,2,1,1,0,1,"$73,700",1,2,12,South,Texas,Houston,15/08/2013,"$1,274",,,,
39,3,0,1,0,1,"$39,900",0,NA,6,East,New York,New York,30/01/2015,$619,,,,
40,1,0,0,1,1,"$36,600",0,2,6,East,New York,Buffalo,31/07/2012,$833,,,,
41,3,1,1,1,1,"$51,200",0,2,12,Midwest,Kansas,Kansas City,29/12/2011,"$1,293",,,,
42,2,1,1,0,1,"$59,400",0,2,18,West,Utah,Salt Lake City,17/12/2014,"$1,699",,,,
43,2,1,1,1,1,"$107,300",2,2,18,West,Washington,Seattle,31/10/2009,"$1,566",,,,
44,2,1,1,1,0,"$90,700",3,3,24,South,Florida,Miami,12/05/2011,"$2,265",,,,
45,2,1,1,1,0,"$74,400",0,3,6,West,Arizona,Phoenix,08/02/2009,"$1,893",,,,
46,3,1,1,1,0,"$15,400",0,1,6,South,Tennessee,Memphis,25/10/2009,$297,,,,
47,1,0,0,1,1,"$60,100",0,NA,18,Midwest,Kansas,Kansas City,03/07/2015,"$1,594",,,,
48,2,0,1,1,1,"$81,700",3,1,24,East,Pennsylvania,Philadelphia,22/04/2012,$879,,,,
49,3,0,1,0,1,"$36,100",0,2,12,South,Florida,Miami,22/01/2010,$438,,,,
50,2,0,0,0,1,"$47,000",0,NA,6,East,Pennsylvania,Philadelphia,23/07/2015,$963,,,,
51,2,0,0,0,1,"$28,200",1,1,6,East,Pennsylvania,Philadelphia,20/10/2013,$224,,,,
52,2,1,1,0,1,"$56,700",2,1,18,East,Massachusetts,Boston,18/01/2009,$536,,,,
53,1,0,0,0,0,"$12,600",0,1,6,Midwest,Kentucky,Louisville,14/10/2011,$241,,,,
54,3,0,1,1,1,"$21,500",0,1,18,East,New York,New York,21/11/2011,$445,,,,
55,2,1,1,1,0,"$96,800",2,3,18,Midwest,Illinois,Chicago,08/01/2010,"$2,299",,,,
56,3,0,1,0,0,"$22,000",0,2,12,East,Massachusetts,Boston,04/11/2009,$736,,,,
57,2,1,1,0,1,"$57,600",1,NA,6,South,Texas,Houston,19/05/2015,"$1,006",,,,
58,3,1,1,0,1,"$65,300",0,3,18,West,California,Los Angeles,09/02/2012,"$1,443",,,,
59,2,0,1,1,1,"$63,300",2,2,24,South,Texas,Houston,20/05/2009,$679,,,,
60,3,0,0,1,1,"$38,200",0,2,6,Midwest,Indiana,Indianapolis,30/12/2013,$526,,,,
61,1,0,0,0,1,"$11,000",2,NA,18,East,Pennsylvania,Philadelphia,11/05/2015,$393,,,,
62,3,0,1,0,0,"$24,000",1,1,6,East,Ohio,Cleveland,12/10/2009,$357,,,,
63,2,0,1,0,1,"$47,600",1,2,12,Midwest,Kansas,Kansas City,29/10/2011,$801,,,,
64,2,1,1,1,1,"$87,000",0,3,24,East,Ohio,Cleveland,01/05/2013,"$1,594",,,,
65,2,1,0,1,1,"$117,700",1,3,12,West,Colorado,Denver,24/05/2009,"$2,104",,,,
66,1,0,0,1,0,"$30,100",0,2,12,East,Ohio,Cleveland,12/10/2012,$530,,,,
67,3,0,1,0,1,"$12,800",0,NA,12,South,Louisiana,New Orleans,23/02/2015,$230,,,,
68,2,1,1,0,1,"$63,200",0,3,24,South,Florida,Miami,19/01/2009,"$1,932",,,,
69,1,1,0,1,0,"$41,600",0,3,24,East,Pennsylvania,Pittsburgh,02/05/2012,"$1,690",,,,
70,2,1,1,1,0,"$75,500",0,NA,18,West,California,Los Angeles,02/07/2015,"$2,450",,,,
71,3,0,1,1,1,"$74,900",0,3,12,West,Arizona,Phoenix,12/01/2014,"$1,474",,,,
72,2,1,0,1,0,"$72,200",3,2,18,East,New York,Buffalo,04/03/2014,"$1,811",,,,
73,1,0,0,1,1,"$36,500",1,NA,18,West,California,San Francisco,17/05/2015,$747,,,,
74,2,0,0,1,1,"$73,000",1,2,6,South,Florida,Miami,19/03/2010,$490,,,,
75,3,0,0,0,0,"$15,100",0,1,6,Midwest,Illinois,Chicago,21/03/2014,$348,,,,
76,1,0,0,0,0,"$19,800",1,1,24,West,Utah,Salt Lake City,19/01/2014,$991,,,,
77,2,1,1,0,1,"$64,000",3,1,12,East,Pennsylvania,Philadelphia,25/09/2010,$410,,,,
78,1,0,0,1,1,"$79,400",0,NA,6,East,Massachusetts,Boston,01/05/2015,"$1,175",,,,
79,2,0,1,1,1,"$82,000",0,3,18,West,California,Los Angeles,24/06/2013,"$1,800",,,,
80,2,0,0,1,1,"$63,500",1,2,18,West,California,Los Angeles,17/08/2011,"$1,023",,,,
81,3,0,1,1,1,"$118,000",3,1,12,South,Louisiana,New Orleans,08/01/2015,$581,,,,
82,1,0,0,0,1,"$13,300",1,NA,6,East,Pennsylvania,Pittsburgh,20/05/2015,$236,,,,
83,2,1,0,0,0,"$45,100",1,2,12,South,Texas,Houston,30/03/2015,$794,,,,
84,3,1,1,1,1,"$45,900",0,2,24,South,Tennessee,Memphis,26/01/2011,"$1,645",,,,
85,2,0,1,0,1,"$43,900",2,1,6,West,Colorado,Denver,14/04/2011,$358,,,,
86,3,0,1,1,0,"$110,000",0,3,24,East,Ohio,Cleveland,01/10/2010,"$5,564",,,,
87,2,1,0,0,1,"$63,000",0,3,24,East,Ohio,Cleveland,24/12/2011,"$1,910",,,,
88,2,1,0,0,1,"$61,800",0,3,24,South,Tennessee,Memphis,17/12/2014,"$1,156",,,,
89,2,0,0,1,1,"$53,300",0,2,24,Midwest,Ohio,Cincinnati,15/07/2015,"$1,598",,,,
90,1,0,0,1,1,"$42,000",3,1,6,West,Washington,Seattle,14/05/2012,$105,,,,
91,1,0,1,0,1,"$25,900",2,NA,12,Midwest,Illinois,Chicago,28/03/2015,$449,,,,
92,1,1,0,1,0,"$20,200",1,1,24,East,New York,Buffalo,14/12/2012,$500,,,,
93,2,0,0,0,1,"$46,600",0,NA,12,South,Texas,Dallas,04/04/2015,$546,,,,
94,1,1,0,0,1,"$18,700",0,1,12,South,Louisiana,New Orleans,25/04/2012,$289,,,,
95,3,1,1,0,1,"$45,700",0,2,18,Midwest,Missouri,St. Louis,04/01/2012,$724,,,,
96,1,0,1,0,1,"$32,600",3,1,12,South,Louisiana,New Orleans,25/03/2012,$172,,,,
97,2,1,1,1,1,"$96,100",0,3,6,South,Florida,Miami,01/06/2014,"$1,588",,,,
98,1,0,0,0,0,"$14,400",1,1,6,East,New York,Buffalo,13/07/2010,$390,,,,
99,2,1,0,0,1,"$54,200",0,NA,18,South,Florida,Miami,23/03/2015,"$1,405",,,,
100,2,0,1,1,0,"$80,600",0,3,24,East,Pennsylvania,Pittsburgh,23/01/2012,"$2,840",,,,
101,2,0,1,1,1,"$48,900",3,NA,18,East,Pennsylvania,Philadelphia,28/06/2015,$915,,,,
102,3,0,1,0,1,"$30,300",0,1,18,South,Tennessee,Memphis,18/11/2012,"$1,062",,,,
103,3,1,1,1,1,"$124,900",0,3,18,West,Utah,Salt Lake City,24/05/2015,"$4,109",,,,
104,1,0,0,0,1,"$13,700",1,NA,6,Midwest,Kentucky,Louisville,19/05/2015,$163,,,,
105,1,1,0,1,0,"$60,300",1,NA,6,Midwest,Ohio,Cincinnati,11/07/2015,"$1,252",,,,
106,2,1,0,0,1,"$43,100",1,NA,12,South,Texas,Houston,26/03/2015,"$1,224",,,,
107,3,0,1,1,0,"$128,700",0,3,24,Midwest,Kentucky,Louisville,08/02/2014,"$3,995",,,,
108,2,0,0,1,1,"$118,300",1,NA,18,East,Pennsylvania,Pittsburgh,31/05/2015,"$2,681",,,,
109,1,1,0,1,1,"$36,500",0,2,24,South,Florida,Orlando,22/07/2013,"$1,140",,,,
110,1,1,0,0,1,"$13,400",0,1,18,Midwest,Kansas,Kansas City,20/08/2013,$424,,,,
111,2,1,1,1,1,"$101,700",1,NA,6,West,California,San Francisco,28/07/2015,$941,,,,
112,2,1,1,0,1,"$76,800",1,2,18,East,Ohio,Cleveland,18/10/2013,"$1,061",,,,
113,1,1,0,0,1,"$21,900",0,1,12,East,Pennsylvania,Philadelphia,02/08/2010,$276,,,,
114,1,0,0,0,0,"$16,100",0,NA,6,East,Ohio,Cleveland,29/03/2015,$202,,,,
115,2,0,1,0,0,"$64,100",2,3,24,Midwest,Ohio,Cincinnati,29/07/2010,"$1,595",,,,
116,2,0,0,1,1,"$95,900",0,NA,24,Midwest,Kansas,Kansas City,27/02/2015,"$3,168",,,,
117,3,0,1,0,1,"$58,200",0,2,18,West,Arizona,Phoenix,13/09/2012,$981,,,,
118,2,1,1,1,0,"$120,000",3,3,18,West,Colorado,Denver,01/06/2012,"$1,926",,,,
119,2,1,1,0,1,"$68,400",0,3,18,South,Florida,Orlando,05/01/2013,"$1,155",,,,
120,2,1,1,1,1,"$83,600",2,2,6,East,Ohio,Cleveland,12/12/2011,$538,,,,
121,1,0,0,0,1,"$13,400",1,1,12,Midwest,Missouri,St. Louis,09/06/2013,$143,,,,
122,3,0,1,1,1,"$54,700",0,2,24,West,Colorado,Denver,21/07/2009,"$1,404",,,,
123,3,1,1,1,0,"$41,300",0,3,24,West,Colorado,Denver,23/08/2013,"$1,985",,,,
124,2,0,1,1,1,"$130,700",3,NA,6,South,Florida,Miami,25/08/2015,"$2,070",,,,
125,3,0,0,1,1,"$39,500",0,2,12,West,California,Los Angeles,12/03/2015,"$1,006",,,,
126,2,0,1,1,1,"$93,400",2,NA,24,West,Washington,Seattle,25/01/2015,"$3,079",,,,
127,2,1,1,1,1,"$83,100",2,2,6,West,Utah,Salt Lake City,19/06/2012,$586,,,,
128,2,1,1,0,1,"$55,900",1,NA,24,West,Colorado,Denver,10/04/2015,"$2,555",,,,
129,3,1,1,1,1,"$71,200",1,2,12,East,New York,Buffalo,03/03/2012,$638,,,,
130,2,1,0,0,1,"$57,800",0,2,24,West,California,Los Angeles,21/07/2012,"$1,149",,,,
131,2,1,0,0,1,"$59,100",2,1,18,West,California,San Francisco,28/03/2013,$580,,,,
132,1,0,0,0,0,"$23,100",2,1,6,South,Louisiana,New Orleans,08/06/2012,$466,,,,
133,1,1,0,0,0,"$10,900",0,1,24,South,Louisiana,New Orleans,10/01/2014,$407,,,,
134,2,0,1,0,0,"$47,500",0,3,6,Midwest,Kansas,Kansas City,20/12/2014,$847,,,,
135,2,1,0,1,1,"$76,200",1,NA,24,West,Colorado,Denver,06/04/2015,"$2,437",,,,
136,1,1,0,0,1,"$14,200",1,NA,24,East,Ohio,Cleveland,12/06/2015,$400,,,,
137,3,0,0,1,0,"$52,500",0,3,24,West,Arizona,Phoenix,24/12/2011,"$2,038",,,,
138,2,0,0,1,0,"$43,300",3,2,24,Midwest,Ohio,Cincinnati,08/03/2010,$716,,,,
139,2,1,1,0,1,"$66,600",0,3,18,West,Washington,Seattle,31/10/2014,"$1,177",,,,
140,2,1,0,0,1,"$55,100",2,NA,6,South,Texas,Houston,08/02/2015,$826,,,,
141,1,0,0,0,1,"$10,600",2,1,12,South,Tennessee,Memphis,19/08/2013,$114,,,,
142,3,1,0,0,1,"$56,300",0,2,6,East,Massachusetts,Boston,17/03/2011,$873,,,,
143,1,1,1,1,1,"$58,900",0,NA,18,East,New York,New York,07/04/2015,"$1,215",,,,
144,2,0,1,1,1,"$102,500",3,1,12,East,Pennsylvania,Pittsburgh,23/05/2009,$548,,,,
145,2,1,1,0,0,"$71,500",0,NA,6,Midwest,Ohio,Cincinnati,16/03/2015,$964,,,,
146,3,1,1,1,1,"$73,300",0,NA,12,Midwest,Illinois,Chicago,31/01/2015,"$1,694",,,,
147,2,1,1,1,1,"$69,900",1,NA,18,South,Louisiana,New Orleans,15/03/2015,"$2,101",,,,
148,1,0,0,0,1,"$12,100",1,1,6,West,Arizona,Phoenix,12/09/2013,$90,,,,
149,1,0,0,0,1,"$23,000",3,1,6,Midwest,Illinois,Chicago,20/01/2015,$79,,,,
150,2,1,0,0,1,"$39,500",1,NA,6,South,Tennessee,Memphis,08/05/2015,$412,,,,
151,3,1,1,1,1,"$55,500",0,2,18,South,Florida,Miami,12/05/2009,$858,,,,
152,2,1,0,0,1,"$45,600",0,2,18,West,Utah,Salt Lake City,03/10/2014,"$1,388",,,,
153,1,1,0,0,0,"$19,500",0,NA,24,East,Ohio,Cleveland,20/07/2015,$571,,,,
154,2,1,1,1,1,"$70,400",2,NA,12,Midwest,Indiana,Indianapolis,28/04/2015,"$1,127",,,,
155,1,0,0,0,1,"$10,200",3,NA,6,Midwest,Indiana,Indianapolis,06/04/2015,$199,,,,
156,2,1,1,1,1,"$83,700",0,3,24,East,Pennsylvania,Pittsburgh,05/08/2010,"$3,344",,,,
157,2,0,1,1,1,"$72,600",1,NA,18,South,Tennessee,Memphis,25/08/2015,"$1,999",,,,
158,2,1,0,0,0,"$40,500",1,NA,18,East,New York,Buffalo,22/06/2015,"$1,073",,,,
159,2,1,1,1,1,"$63,300",2,NA,6,East,Massachusetts,Boston,06/04/2015,$633,,,,
160,1,1,0,0,1,"$14,800",3,NA,12,East,New York,New York,02/03/2015,$436,,,,
161,3,0,0,1,1,"$84,800",0,3,18,Midwest,Indiana,Indianapolis,26/03/2010,"$2,624",,,,
162,2,0,1,1,1,"$85,500",2,2,18,Midwest,Kentucky,Louisville,07/06/2011,$895,,,,
163,2,1,0,1,0,"$84,100",1,3,24,South,Florida,Miami,14/10/2013,"$2,362",,,,
164,1,0,0,0,1,"$26,600",2,1,24,South,Texas,Houston,17/08/2012,$245,,,,
165,3,0,0,0,1,"$42,500",0,2,24,South,Louisiana,New Orleans,28/05/2012,$918,,,,
166,1,1,0,0,0,"$15,300",0,1,24,Midwest,Ohio,Cincinnati,25/08/2009,$645,,,,
167,2,1,1,1,1,"$67,600",1,2,18,East,Pennsylvania,Pittsburgh,24/01/2012,"$1,172",,,,
168,1,1,0,0,1,"$15,200",0,NA,12,South,Texas,Dallas,30/01/2015,$324,,,,
169,2,0,1,0,0,"$56,000",3,2,6,South,Louisiana,New Orleans,30/11/2014,$530,,,,
170,2,0,1,1,1,"$84,800",1,NA,12,South,Texas,Dallas,18/03/2015,"$1,826",,,,
171,1,0,0,0,1,"$10,600",2,NA,24,South,Florida,Miami,18/04/2015,$517,,,,
172,3,0,0,1,0,"$88,400",0,3,18,East,Pennsylvania,Pittsburgh,24/04/2013,"$3,632",,,,
173,2,1,1,1,1,"$87,200",0,3,18,West,California,Los Angeles,02/07/2012,"$1,274",,,,
174,2,1,0,1,1,"$106,700",2,2,6,Midwest,Ohio,Cincinnati,11/03/2014,$607,,,,
175,1,1,0,0,1,"$27,100",1,1,12,Midwest,Missouri,St. Louis,28/08/2013,$268,,,,
176,2,0,1,0,1,"$46,600",2,NA,18,Midwest,Missouri,St. Louis,17/06/2015,"$1,153",,,,
177,2,0,1,0,1,"$49,100",2,1,6,South,Texas,Dallas,13/07/2009,$474,,,,
178,2,0,1,0,1,"$35,200",0,2,12,West,California,Los Angeles,05/07/2012,$607,,,,
179,3,0,1,0,1,"$35,200",0,NA,12,West,Utah,Salt Lake City,06/07/2015,$827,,,,
180,3,0,1,1,0,"$84,100",0,3,18,East,Pennsylvania,Philadelphia,31/05/2010,"$2,710",,,,
181,1,1,0,0,1,"$25,800",0,NA,6,East,Massachusetts,Boston,23/04/2015,$451,,,,
182,2,0,1,1,1,"$49,700",2,1,18,Midwest,Kentucky,Louisville,18/11/2013,$613,,,,
183,1,0,0,0,1,"$13,200",1,1,12,East,Pennsylvania,Pittsburgh,21/01/2012,$227,,,,
184,1,0,0,0,1,"$14,600",3,1,6,South,Louisiana,New Orleans,28/08/2010,$47,,,,
185,2,1,1,1,1,"$109,900",2,2,12,Midwest,Illinois,Chicago,20/08/2012,$870,,,,
186,2,0,1,1,1,"$126,300",1,3,6,South,Louisiana,New Orleans,29/07/2009,"$1,888",,,,
187,2,1,1,1,0,"$100,600",3,3,24,Midwest,Ohio,Cincinnati,14/02/2014,"$2,838",,,,
188,3,0,0,0,0,"$11,700",0,1,18,East,Ohio,Cleveland,22/03/2014,$540,,,,
189,2,0,0,0,1,"$36,400",2,1,18,East,New York,Buffalo,19/12/2013,$506,,,,
190,1,0,0,0,1,"$22,200",2,1,18,South,Texas,Houston,08/02/2014,$275,,,,
191,2,1,1,1,1,"$106,400",0,NA,12,Midwest,Missouri,St. Louis,25/08/2015,"$1,757",,,,
192,3,0,1,1,1,"$112,800",0,3,12,South,Florida,Miami,28/03/2010,"$1,861",,,,
193,3,1,1,1,1,"$95,900",0,3,24,South,Texas,Houston,23/08/2010,"$2,585",,,,
194,2,1,0,1,1,"$88,000",2,2,6,East,Ohio,Cleveland,15/10/2011,$524,,,,
195,2,1,0,0,1,"$44,500",0,2,24,South,Louisiana,New Orleans,28/07/2012,"$1,175",,,,
196,3,0,1,1,1,"$43,600",0,2,12,Midwest,Illinois,Chicago,13/06/2015,"$1,047",,,,
197,1,1,0,0,0,"$20,800",0,NA,6,South,Florida,Miami,05/08/2015,$260,,,,
198,3,1,1,1,1,"$23,400",0,1,6,Midwest,Indiana,Indianapolis,14/12/2011,$348,,,,
199,2,0,0,0,1,"$46,600",0,2,24,East,Pennsylvania,Philadelphia,10/01/2015,$906,,,,
200,1,0,0,0,1,"$31,300",1,1,6,West,Washington,Seattle,23/05/2010,$357,,,,
201,1,0,0,1,0,"$33,200",1,NA,24,West,Utah,Salt Lake City,17/03/2015,"$1,639",,,,
202,3,0,1,1,0,"$70,400",0,3,18,Midwest,Kentucky,Louisville,11/04/2011,"$2,610",,,,
203,1,1,0,0,1,"$17,000",0,NA,18,Midwest,Kansas,Kansas City,30/07/2015,$581,,,,
204,2,0,0,0,1,"$26,200",1,1,12,Midwest,Indiana,Indianapolis,08/01/2010,$381,,,,
205,3,1,1,1,1,"$108,900",0,3,12,West,California,Los Angeles,29/10/2014,"$1,841",,,,
206,3,0,1,0,1,"$17,300",0,1,6,East,New York,New York,03/05/2013,$166,,,,
207,2,1,0,0,0,"$51,900",0,3,18,East,Ohio,Cleveland,06/10/2011,"$1,492",,,,
208,3,0,0,0,1,"$33,600",0,2,12,West,Washington,Seattle,13/03/2010,$573,,,,
209,1,0,0,1,1,"$61,000",1,NA,18,East,Massachusetts,Boston,15/02/2015,"$1,611",,,,
210,3,0,1,1,1,"$41,600",0,NA,18,South,Florida,Orlando,02/07/2015,$982,,,,
211,1,0,0,1,1,"$54,200",1,2,6,South,Louisiana,New Orleans,08/12/2012,$486,,,,
212,3,1,0,1,0,"$66,200",0,3,24,South,Tennessee,Memphis,10/03/2012,"$2,057",,,,
213,2,0,1,0,1,"$72,200",0,NA,18,East,Pennsylvania,Philadelphia,06/02/2015,"$3,278",,,,
214,2,0,0,0,1,"$39,700",3,1,12,West,Washington,Seattle,20/12/2009,$238,,,,
215,1,1,0,1,1,"$36,900",0,2,18,South,Florida,Orlando,31/01/2011,$721,,,,
216,2,1,1,1,1,"$96,100",3,1,12,West,Washington,Seattle,11/02/2012,$316,,,,
217,1,0,0,0,1,"$11,700",0,1,12,Midwest,Missouri,St. Louis,24/06/2013,$193,,,,
218,1,1,0,0,1,"$31,600",1,NA,12,South,Florida,Miami,14/07/2015,$476,,,,
219,3,0,1,1,1,"$82,800",0,3,24,West,California,San Francisco,06/03/2014,"$3,010",,,,
220,1,0,0,1,1,"$40,900",1,2,18,South,Florida,Orlando,22/08/2011,$962,,,,
221,2,1,0,1,1,"$65,800",2,2,18,South,Tennessee,Memphis,09/10/2013,$578,,,,
222,1,1,0,1,1,"$39,700",0,2,18,Midwest,Indiana,Indianapolis,12/10/2014,"$1,011",,,,
223,3,0,1,1,0,"$79,300",0,NA,12,East,Massachusetts,Boston,07/03/2015,"$2,047",,,,
224,2,0,0,1,1,"$40,500",2,1,18,Midwest,Kentucky,Louisville,01/10/2011,$622,,,,
225,2,0,1,1,1,"$64,100",1,2,18,Midwest,Kansas,Kansas City,15/09/2013,"$1,332",,,,
226,2,0,0,0,1,"$42,000",3,1,18,West,Colorado,Denver,11/11/2014,$232,,,,
227,3,0,1,0,1,"$32,500",0,2,24,South,Florida,Miami,04/11/2011,$883,,,,
228,3,0,0,1,1,"$68,600",0,3,18,West,California,Los Angeles,02/11/2014,"$1,342",,,,
229,2,1,0,0,1,"$60,400",1,2,6,Midwest,Kentucky,Louisville,13/04/2013,$791,,,,
230,2,1,1,1,0,"$130,600",0,3,18,Midwest,Kentucky,Louisville,16/10/2014,"$3,442",,,,
231,3,1,1,1,1,"$73,100",0,3,6,South,Texas,Dallas,26/12/2013,"$1,582",,,,
232,3,0,1,0,1,"$23,800",0,1,6,Midwest,Kentucky,Louisville,14/02/2010,$438,,,,
233,2,1,1,0,1,"$52,900",1,NA,24,Midwest,Indiana,Indianapolis,06/02/2015,"$2,316",,,,
234,1,1,0,1,1,"$53,600",1,2,24,West,Colorado,Denver,03/08/2014,$973,,,,
235,2,1,0,0,1,"$55,600",0,2,6,West,Utah,Salt Lake City,29/09/2013,$984,,,,
236,3,1,1,1,0,"$52,000",0,3,18,Midwest,Ohio,Cincinnati,27/04/2013,"$2,545",,,,
237,2,0,0,1,1,"$79,500",0,3,12,East,New York,New York,24/12/2014,"$1,651",,,,
238,2,1,0,1,0,"$64,600",2,NA,24,South,Tennessee,Memphis,19/08/2015,"$2,935",,,,
239,1,0,0,0,1,"$14,300",1,NA,18,Midwest,Ohio,Cincinnati,14/07/2015,$458,,,,
240,2,1,1,1,1,"$100,000",1,3,24,West,Washington,Seattle,18/03/2013,"$2,247",,,,
241,2,1,1,0,0,"$48,100",2,2,18,Midwest,Kansas,Kansas City,30/05/2012,$961,,,,
242,2,1,1,1,1,"$107,300",2,2,24,East,Pennsylvania,Philadelphia,03/07/2012,"$1,194",,,,
243,2,1,1,1,1,"$85,600",0,3,24,Midwest,Ohio,Cincinnati,27/04/2015,"$3,380",,,,
244,2,1,1,0,1,"$62,700",2,2,12,Midwest,Kentucky,Louisville,25/03/2014,$704,,,,
245,2,1,1,0,0,"$55,600",0,3,18,Midwest,Kentucky,Louisville,17/10/2009,"$1,786",,,,
246,2,1,0,0,1,"$54,700",0,2,24,Midwest,Indiana,Indianapolis,19/09/2009,"$1,355",,,,
247,2,0,0,0,1,"$46,500",1,2,24,East,Pennsylvania,Pittsburgh,25/08/2015,$829,,,,
248,3,0,1,0,1,"$35,900",0,NA,12,South,Florida,Orlando,17/06/2015,$962,,,,
249,2,1,0,1,1,"$106,100",3,1,12,West,Washington,Seattle,23/11/2011,$472,,,,
250,2,1,1,0,1,"$49,200",3,1,12,East,New York,Buffalo,29/07/2015,$210,,,,
251,1,0,0,0,0,"$10,800",3,1,6,Midwest,Kansas,Kansas City,02/12/2011,$123,,,,
252,2,1,0,0,1,"$45,200",1,2,18,West,Washington,Seattle,17/03/2015,$699,,,,
253,3,0,0,0,0,"$20,400",0,NA,24,South,Florida,Orlando,21/03/2015,$513,,,,
254,2,1,1,1,0,"$95,800",3,NA,12,South,Texas,Houston,19/03/2015,"$2,581",,,,
255,2,1,1,1,1,"$111,400",0,3,12,Midwest,Illinois,Chicago,18/01/2009,"$2,136",,,,
256,3,0,1,1,1,"$49,200",0,2,12,Midwest,Kentucky,Louisville,14/09/2014,"$1,078",,,,
257,2,1,0,1,0,"$48,800",2,NA,12,South,Texas,Houston,24/05/2015,"$1,647",,,,
258,1,0,0,0,1,"$14,000",0,1,12,Midwest,Kentucky,Louisville,14/12/2010,$229,,,,
259,2,1,1,0,1,"$82,800",0,NA,6,East,New York,New York,27/05/2015,"$1,544",,,,
260,1,0,0,0,0,"$12,900",1,1,6,South,Texas,Dallas,11/02/2009,$167,,,,
261,2,0,1,1,1,"$44,100",1,2,24,West,Colorado,Denver,09/12/2010,$704,,,,
262,2,0,0,1,0,"$72,900",0,3,18,Midwest,Indiana,Indianapolis,23/06/2012,"$2,075",,,,
263,3,1,1,0,1,"$59,300",0,2,12,Midwest,Ohio,Cincinnati,15/10/2010,$929,,,,
264,2,1,1,0,1,"$59,700",1,NA,18,West,Washington,Seattle,17/04/2015,"$1,422",,,,
265,3,1,1,0,1,"$40,200",2,NA,18,West,Arizona,Phoenix,21/03/2015,"$1,197",,,,
266,2,1,1,0,1,"$62,800",3,NA,6,East,Ohio,Cleveland,19/06/2015,$707,,,,
267,3,0,0,0,0,"$22,600",0,NA,12,South,Texas,Houston,09/07/2015,$865,,,,
268,2,0,1,0,1,"$54,400",3,1,18,South,Tennessee,Memphis,24/12/2013,$342,,,,
269,1,0,1,0,1,"$33,400",1,NA,6,Midwest,Ohio,Cincinnati,14/01/2015,$617,,,,
270,1,1,0,1,0,"$63,300",3,NA,6,Midwest,Kentucky,Louisville,25/08/2015,"$1,408",,,,
271,2,1,0,1,1,"$87,400",2,NA,18,Midwest,Indiana,Indianapolis,13/05/2015,"$2,729",,,,
272,2,0,1,0,1,"$27,000",2,1,6,Midwest,Illinois,Chicago,25/11/2009,$183,,,,
273,2,1,1,0,1,"$65,300",3,1,6,West,Washington,Seattle,07/05/2012,$193,,,,
274,2,0,0,1,1,"$104,900",3,1,6,South,Tennessee,Memphis,11/10/2012,$450,,,,
275,3,0,0,0,1,"$20,100",0,1,24,Midwest,Illinois,Chicago,30/05/2012,$576,,,,
276,1,0,0,0,1,"$14,600",1,1,6,Midwest,Missouri,St. Louis,07/09/2012,$143,,,,
277,2,1,1,0,1,"$48,100",0,2,18,East,Pennsylvania,Philadelphia,05/07/2009,"$1,640",,,,
278,2,0,1,1,1,"$107,600",2,2,12,West,California,San Francisco,07/07/2015,"$1,512",,,,
279,2,0,0,0,1,"$58,600",1,2,6,Midwest,Ohio,Cincinnati,20/01/2012,$624,,,,
280,1,1,0,1,1,"$80,700",3,1,6,South,Florida,Miami,13/11/2012,$202,,,,
281,2,1,0,0,0,"$40,200",0,3,18,West,Utah,Salt Lake City,04/04/2013,"$1,634",,,,
282,1,1,0,0,1,"$25,000",0,1,6,West,Colorado,Denver,25/04/2013,$264,,,,
283,2,0,1,0,1,"$46,600",3,1,6,Midwest,Kentucky,Louisville,12/03/2011,$158,,,,
284,1,1,0,0,0,"$21,900",2,NA,6,Midwest,Kansas,Kansas City,29/03/2015,$192,,,,
285,1,1,0,0,0,"$13,900",0,NA,24,East,Massachusetts,Boston,07/02/2015,$570,,,,
286,2,0,0,0,1,"$25,700",2,1,6,East,New York,New York,04/07/2014,$173,,,,
287,3,0,0,1,0,"$72,200",0,3,24,East,Massachusetts,Boston,24/11/2012,"$3,069",,,,
288,1,0,0,1,1,"$76,400",0,NA,12,South,Florida,Miami,26/02/2015,"$2,216",,,,
289,1,0,1,0,1,"$20,300",1,1,12,West,California,Los Angeles,09/09/2010,$304,,,,
290,1,0,0,0,1,"$11,400",2,NA,6,East,Pennsylvania,Pittsburgh,03/03/2015,$186,,,,
291,1,0,0,0,1,"$17,000",0,1,18,South,Tennessee,Memphis,11/01/2011,$659,,,,
292,3,1,0,1,1,"$60,000",0,2,6,Midwest,Ohio,Cincinnati,15/09/2009,$966,,,,
293,3,1,1,1,1,"$107,400",0,3,12,East,Pennsylvania,Pittsburgh,15/12/2014,"$1,485",,,,
294,3,0,1,0,1,"$37,300",0,2,6,East,Pennsylvania,Pittsburgh,09/10/2011,$673,,,,
295,2,1,1,0,1,"$68,900",2,NA,18,Midwest,Illinois,Chicago,21/07/2015,"$2,784",,,,
296,2,1,1,1,1,"$83,000",2,2,6,South,Florida,Orlando,06/08/2014,$726,,,,
297,2,1,1,1,1,"$97,400",1,3,6,South,Texas,Dallas,06/04/2011,$880,,,,
298,2,0,0,1,0,"$92,400",1,NA,6,South,Texas,Houston,27/06/2015,"$2,191",,,,
299,2,0,0,0,0,"$44,800",1,2,6,Midwest,Kentucky,Louisville,29/08/2012,$666,,,,
300,3,0,0,1,1,"$50,500",0,2,12,Midwest,Indiana,Indianapolis,29/10/2013,$642,,,,
301,2,1,1,1,0,"$65,400",3,NA,6,South,Florida,Miami,05/03/2015,$836,,,,
302,2,0,1,1,0,"$83,100",1,NA,12,Midwest,Indiana,Indianapolis,24/08/2015,"$2,766",,,,
303,2,1,1,1,1,"$117,500",2,2,12,East,New York,New York,11/04/2010,$927,,,,
304,2,0,0,0,1,"$43,300",3,1,24,East,Pennsylvania,Pittsburgh,12/02/2012,$326,,,,
305,2,1,1,1,0,"$103,900",1,3,24,Midwest,Ohio,Cincinnati,28/10/2009,"$2,666",,,,
306,1,0,0,1,1,"$41,700",1,NA,6,Midwest,Kansas,Kansas City,04/08/2015,$521,,,,
307,3,1,1,0,1,"$44,800",0,2,24,East,Ohio,Cleveland,26/01/2009,"$1,417",,,,
308,2,1,1,0,0,"$45,000",1,NA,18,East,New York,New York,19/07/2015,$902,,,,
309,2,0,0,0,1,"$43,700",0,2,12,East,New York,Buffalo,12/06/2009,$950,,,,
310,3,0,0,1,1,"$23,600",1,1,6,East,New York,Buffalo,20/05/2015,$161,,,,
311,1,1,0,0,0,"$20,400",0,2,18,East,Ohio,Cleveland,15/12/2014,$867,,,,
312,3,1,1,1,1,"$123,000",0,3,24,South,Tennessee,Memphis,15/06/2010,"$3,671",,,,
313,2,0,0,0,1,"$44,600",0,2,18,Midwest,Indiana,Indianapolis,16/06/2015,$966,,,,
314,1,1,0,1,1,"$55,500",3,1,12,South,Louisiana,New Orleans,25/04/2009,$216,,,,
315,2,0,1,0,0,"$56,200",0,3,18,West,Colorado,Denver,29/08/2009,"$1,546",,,,
316,2,1,1,1,1,"$96,300",2,NA,18,South,Florida,Orlando,14/02/2015,"$3,916",,,,
317,3,1,0,0,1,"$32,400",1,1,12,East,Massachusetts,Boston,21/10/2011,$515,,,,
318,2,1,1,0,1,"$60,200",0,2,12,South,Florida,Orlando,18/07/2013,"$1,365",,,,
319,3,0,1,1,1,"$72,900",0,3,6,East,New York,New York,09/09/2012,$753,,,,
320,1,0,0,0,1,"$19,300",1,1,24,South,Florida,Miami,28/03/2013,$308,,,,
321,3,1,1,1,1,"$74,800",0,3,18,Midwest,Kansas,Kansas City,25/12/2009,"$1,968",,,,
322,1,1,0,1,1,"$34,300",3,NA,12,South,Texas,Houston,28/08/2015,"$1,297",,,,
323,2,1,1,0,0,"$75,400",0,3,24,South,Louisiana,New Orleans,07/01/2009,"$2,723",,,,
324,1,0,0,0,0,"$11,400",3,NA,12,South,Texas,Houston,23/01/2015,$312,,,,
325,1,1,1,1,1,"$30,400",0,1,6,West,Utah,Salt Lake City,24/05/2011,$495,,,,
326,2,1,0,0,1,"$41,200",0,2,12,East,Massachusetts,Boston,14/05/2010,$841,,,,
327,1,1,0,0,1,"$21,400",0,NA,12,West,Utah,Salt Lake City,16/08/2015,$414,,,,
328,1,0,0,1,1,"$60,600",3,1,12,South,Texas,Houston,27/09/2013,$307,,,,
329,2,1,1,1,1,"$105,300",1,NA,18,West,Colorado,Denver,14/02/2015,"$3,505",,,,
330,2,1,1,0,1,"$63,700",0,NA,6,South,Florida,Miami,26/08/2015,"$1,351",,,,
331,1,1,0,0,1,"$15,800",2,1,12,East,Pennsylvania,Philadelphia,16/10/2013,$147,,,,
332,2,1,0,0,0,"$56,900",0,3,24,Midwest,Indiana,Indianapolis,28/07/2015,"$1,857",,,,
333,1,0,0,0,1,"$15,900",0,1,18,South,Texas,Houston,06/03/2011,$503,,,,
334,3,0,1,1,0,"$37,500",0,2,18,East,New York,Buffalo,17/11/2009,"$1,578",,,,
335,2,1,0,0,0,"$42,500",1,NA,6,South,Texas,Houston,03/07/2015,$798,,,,
336,2,1,1,1,1,"$97,500",0,3,18,East,New York,New York,06/05/2009,"$2,837",,,,
337,1,1,1,0,1,"$29,600",3,NA,12,South,Florida,Orlando,22/03/2015,$583,,,,
338,2,1,1,0,1,"$55,600",0,NA,12,East,Massachusetts,Boston,13/03/2015,$952,,,,
339,2,1,0,1,1,"$74,600",2,2,18,South,Florida,Miami,24/02/2014,$705,,,,
340,2,0,1,1,1,"$68,500",2,NA,12,Midwest,Missouri,St. Louis,02/04/2015,"$1,500",,,,
341,2,0,1,0,1,"$51,900",2,NA,12,West,Colorado,Denver,13/06/2015,"$1,162",,,,
342,1,0,0,0,1,"$17,200",1,NA,12,South,Florida,Orlando,04/08/2015,$329,,,,
343,1,0,0,1,0,"$51,900",0,NA,6,Midwest,Kansas,Kansas City,05/07/2015,$780,,,,
344,2,1,1,1,1,"$70,200",0,NA,6,West,California,San Francisco,07/02/2015,"$1,583",,,,
345,2,1,1,0,1,"$61,500",2,2,24,Midwest,Indiana,Indianapolis,01/11/2009,$968,,,,
346,2,0,1,1,1,"$70,900",1,2,12,East,Massachusetts,Boston,25/03/2012,$794,,,,
347,2,1,1,1,0,"$72,500",0,NA,24,South,Florida,Orlando,16/01/2015,"$2,595",,,,
348,3,0,1,0,1,"$33,200",0,2,24,West,Utah,Salt Lake City,27/09/2011,"$1,037",,,,
349,2,1,0,0,0,"$58,600",2,NA,6,Midwest,Missouri,St. Louis,17/01/2015,$989,,,,
350,2,1,1,1,1,"$54,700",0,2,18,East,Pennsylvania,Philadelphia,20/09/2009,$848,,,,
351,2,1,0,1,0,"$64,000",1,NA,6,East,Pennsylvania,Pittsburgh,16/01/2015,"$1,552",,,,
352,1,0,0,0,0,"$12,500",1,NA,12,East,New York,New York,08/04/2015,$422,,,,
353,2,1,1,1,1,"$122,700",1,NA,18,Midwest,Kansas,Kansas City,27/01/2015,"$4,984",,,,
354,1,1,0,0,1,"$23,200",1,1,24,South,Louisiana,New Orleans,01/04/2013,$504,,,,
355,1,1,0,1,1,"$41,600",3,NA,24,South,Florida,Orlando,02/02/2015,"$1,634",,,,
356,3,0,1,1,1,"$69,400",0,3,18,West,California,San Francisco,16/01/2011,"$2,419",,,,
357,2,0,1,1,1,"$109,800",1,3,24,West,Washington,Seattle,08/11/2009,"$2,258",,,,
358,2,0,1,0,0,"$66,800",3,NA,24,Midwest,Illinois,Chicago,12/05/2015,"$2,098",,,,
359,2,1,0,1,0,"$87,100",2,3,18,West,California,San Francisco,07/10/2014,"$1,688",,,,
360,2,1,1,0,0,"$80,800",2,3,18,South,Tennessee,Memphis,19/04/2012,"$2,444",,,,
361,2,1,1,1,0,"$122,100",0,3,12,Midwest,Missouri,St. Louis,09/08/2012,"$2,408",,,,
362,1,0,0,0,1,"$19,400",1,NA,18,West,Washington,Seattle,07/07/2015,$384,,,,
363,2,0,1,0,1,"$43,300",1,NA,18,South,Florida,Orlando,29/03/2015,"$1,021",,,,
364,3,1,1,1,0,"$33,000",0,2,12,West,California,Los Angeles,27/02/2013,$979,,,,
365,3,1,0,1,0,"$66,300",0,NA,18,South,Tennessee,Memphis,10/02/2015,"$2,243",,,,
366,2,1,1,1,1,"$96,300",1,3,24,East,Pennsylvania,Philadelphia,06/12/2011,"$1,909",,,,
367,2,1,0,0,0,"$55,800",1,NA,6,South,Tennessee,Memphis,27/08/2015,$821,,,,
368,2,1,0,1,1,"$63,500",2,NA,24,Midwest,Indiana,Indianapolis,13/01/2015,"$2,321",,,,
369,2,1,1,1,0,"$82,400",2,3,24,Midwest,Indiana,Indianapolis,25/11/2014,"$2,035",,,,
370,1,0,0,0,1,"$14,200",0,NA,6,West,California,San Francisco,07/04/2015,$192,,,,
371,1,1,0,1,1,"$41,500",0,NA,24,West,California,San Francisco,07/07/2015,"$1,213",,,,
372,2,1,1,1,1,"$82,500",0,3,6,Midwest,Kentucky,Louisville,17/06/2015,$859,,,,
373,2,1,1,1,1,"$85,600",1,3,18,South,Texas,Houston,23/02/2013,"$2,436",,,,
374,1,0,0,0,0,"$18,400",1,1,6,West,California,San Francisco,25/01/2014,$319,,,,
375,3,0,1,1,1,"$62,600",0,3,6,South,Texas,Houston,11/07/2015,$565,,,,
376,1,0,0,0,0,"$13,800",3,1,6,Midwest,Illinois,Chicago,23/06/2009,$127,,,,
377,2,1,1,0,1,"$60,300",0,3,24,South,Texas,Dallas,09/07/2015,"$1,263",,,,
378,1,1,1,0,1,"$31,500",3,1,18,East,Ohio,Cleveland,08/10/2011,$269,,,,
379,3,0,1,1,1,"$111,500",0,3,18,South,Louisiana,New Orleans,15/03/2011,"$2,510",,,,
380,2,1,1,0,1,"$67,900",0,3,18,South,Tennessee,Memphis,24/06/2015,"$1,418",,,,
381,1,1,0,0,1,"$29,200",0,1,18,West,Utah,Salt Lake City,18/12/2012,$737,,,,
382,3,1,1,1,1,"$84,500",0,NA,12,Midwest,Indiana,Indianapolis,10/08/2015,"$1,557",,,,
383,2,1,1,1,1,"$84,700",3,NA,24,East,Ohio,Cleveland,15/04/2015,"$2,705",,,,
384,1,1,0,1,0,"$67,300",3,NA,6,East,Ohio,Cleveland,18/07/2015,"$1,212",,,,
385,2,1,0,0,0,"$51,100",0,3,24,West,California,San Francisco,20/10/2012,"$1,984",,,,
386,1,1,0,0,1,"$23,500",0,1,12,West,California,Los Angeles,18/02/2013,$371,,,,
387,1,1,0,0,1,"$21,300",1,NA,12,West,Washington,Seattle,08/04/2015,$329,,,,
388,2,1,1,1,1,"$90,100",0,3,18,Midwest,Kansas,Kansas City,17/02/2014,"$1,956",,,,
389,2,1,1,1,0,"$84,300",2,3,18,East,Ohio,Cleveland,02/01/2012,"$1,648",,,,
390,1,0,0,0,0,"$13,200",0,NA,18,Midwest,Ohio,Cincinnati,16/03/2015,$512,,,,
391,1,0,0,0,1,"$22,100",2,1,18,South,Louisiana,New Orleans,25/11/2010,$280,,,,
392,2,1,1,1,1,"$53,700",1,NA,12,West,California,Los Angeles,14/03/2015,"$1,081",,,,
393,2,1,0,0,0,"$38,700",1,2,18,West,California,Los Angeles,03/06/2010,"$1,009",,,,
394,2,0,1,0,1,"$35,200",2,1,6,South,Texas,Houston,23/12/2010,$233,,,,
395,2,1,1,1,0,"$113,300",1,3,18,West,Arizona,Phoenix,16/01/2013,"$5,151",,,,
396,2,1,0,1,1,"$105,600",3,1,6,South,Florida,Orlando,09/02/2015,$304,,,,
397,3,0,1,1,1,"$74,700",0,3,12,East,Massachusetts,Boston,08/09/2011,"$1,699",,,,
398,2,0,1,0,1,"$60,200",1,NA,12,East,Massachusetts,Boston,28/02/2015,"$1,748",,,,
399,1,0,0,0,1,"$12,000",0,1,24,Midwest,Kentucky,Louisville,14/08/2012,$344,,,,
400,1,0,0,0,1,"$16,700",2,1,12,West,California,Los Angeles,15/07/2009,$108,,,,
401,2,0,1,0,1,"$46,100",2,1,12,East,New York,New York,26/05/2013,$418,,,,
402,2,1,1,1,0,"$103,700",1,3,24,South,Texas,Houston,14/10/2014,"$2,339",,,,
403,2,1,0,0,1,"$63,800",1,2,24,West,Washington,Seattle,06/06/2012,"$1,622",,,,
404,2,0,1,1,1,"$65,400",2,2,24,West,California,San Francisco,17/01/2014,$938,,,,
405,2,1,1,0,1,"$49,900",1,NA,24,East,Pennsylvania,Philadelphia,14/07/2015,"$1,631",,,,
406,2,1,1,1,1,"$64,300",2,2,6,East,New York,Buffalo,06/12/2010,$661,,,,
407,2,1,1,0,0,"$59,600",2,2,18,Midwest,Missouri,St. Louis,14/06/2015,"$1,217",,,,
408,2,0,1,0,1,"$45,100",1,2,12,Midwest,Ohio,Cincinnati,24/01/2012,$448,,,,
409,2,0,0,0,1,"$39,900",1,1,12,West,California,San Francisco,12/03/2012,$586,,,,
410,1,1,1,0,1,"$33,400",0,NA,12,East,Ohio,Cleveland,31/01/2015,$567,,,,
411,2,1,1,1,1,"$99,600",1,3,6,West,Utah,Salt Lake City,01/09/2009,$871,,,,
412,2,1,1,0,1,"$58,400",0,2,12,West,California,San Francisco,07/10/2012,$829,,,,
413,2,1,0,0,1,"$35,100",1,1,6,Midwest,Indiana,Indianapolis,16/05/2009,$421,,,,
414,3,1,1,0,1,"$53,400",1,2,12,Midwest,Indiana,Indianapolis,09/12/2010,$886,,,,
415,2,1,1,0,1,"$61,600",0,NA,18,Midwest,Indiana,Indianapolis,22/02/2015,"$1,666",,,,
416,1,0,1,0,0,"$21,400",3,NA,6,West,California,Los Angeles,08/04/2015,$326,,,,
417,1,0,0,0,0,"$20,000",3,1,6,West,Colorado,Denver,21/09/2009,$182,,,,
418,3,0,1,0,0,"$32,700",0,2,24,East,Ohio,Cleveland,19/11/2011,"$1,252",,,,
419,2,0,1,1,0,"$99,200",0,3,24,Midwest,Missouri,St. Louis,26/12/2012,"$5,503",,,,
420,2,1,1,1,1,"$109,600",1,3,12,South,Florida,Orlando,17/02/2015,"$2,318",,,,
421,3,0,1,1,0,"$22,800",0,NA,12,East,Ohio,Cleveland,27/02/2015,$452,,,,
422,3,1,1,1,0,"$76,900",2,3,24,East,Pennsylvania,Pittsburgh,13/07/2012,"$3,230",,,,
423,2,0,0,1,1,"$97,400",3,1,6,East,Ohio,Cleveland,18/10/2013,$213,,,,
424,2,1,0,0,1,"$43,700",0,NA,18,West,Arizona,Phoenix,07/04/2015,"$1,344",,,,
425,2,0,1,0,1,"$49,600",1,2,12,Midwest,Indiana,Indianapolis,16/08/2015,$844,,,,
426,3,1,1,0,1,"$71,300",0,3,18,West,Arizona,Phoenix,07/06/2012,"$1,543",,,,
427,3,0,1,1,1,"$10,100",1,1,6,West,Utah,Salt Lake City,07/05/2010,$93,,,,
428,2,0,1,0,1,"$35,800",1,NA,24,Midwest,Missouri,St. Louis,30/06/2015,"$1,355",,,,
429,2,1,1,1,0,"$113,400",3,3,18,Midwest,Kentucky,Louisville,15/06/2014,"$1,790",,,,
430,1,0,0,0,0,"$23,200",2,NA,24,East,New York,Buffalo,30/01/2015,$788,,,,
431,2,1,0,1,1,"$88,500",2,2,24,Midwest,Kansas,Kansas City,16/06/2014,"$1,104",,,,
432,2,1,1,1,1,"$96,900",1,3,12,East,New York,Buffalo,04/06/2013,"$1,420",,,,
433,1,0,0,0,1,"$22,000",1,1,12,West,California,Los Angeles,11/03/2012,$472,,,,
434,2,0,0,1,1,"$81,400",2,NA,6,East,New York,New York,25/03/2015,"$1,014",,,,
435,3,0,1,1,1,"$114,800",0,3,18,Midwest,Indiana,Indianapolis,03/09/2011,"$3,596",,,,
436,2,0,1,1,1,"$79,900",3,1,12,South,Louisiana,New Orleans,18/06/2013,$295,,,,
437,2,1,1,1,1,"$107,400",1,3,24,East,Pennsylvania,Philadelphia,27/07/2012,"$1,821",,,,
438,3,0,1,1,0,"$78,800",0,3,18,South,Florida,Miami,26/01/2014,"$3,398",,,,
439,2,1,0,1,0,"$124,800",3,3,18,South,Florida,Miami,18/04/2010,"$2,537",,,,
440,1,0,0,1,1,"$36,900",1,NA,18,South,Louisiana,New Orleans,06/07/2015,"$1,480",,,,
441,1,0,0,0,0,"$12,800",1,NA,24,Midwest,Missouri,St. Louis,23/08/2015,$365,,,,
442,2,0,1,0,1,"$65,800",1,2,12,South,Louisiana,New Orleans,15/08/2010,$869,,,,
443,1,1,1,0,1,"$20,900",0,1,24,South,Florida,Miami,15/01/2012,$550,,,,
444,2,1,1,0,0,"$49,700",0,3,24,East,New York,Buffalo,15/07/2012,"$2,844",,,,
445,3,0,1,0,1,"$25,500",0,1,18,Midwest,Indiana,Indianapolis,22/11/2012,$636,,,,
446,3,0,1,0,1,"$20,600",0,1,6,South,Texas,Houston,02/02/2013,$201,,,,
447,3,1,1,1,1,"$84,300",0,3,24,Midwest,Illinois,Chicago,25/11/2012,"$2,842",,,,
448,2,0,0,0,0,"$31,200",3,NA,24,West,Utah,Salt Lake City,27/08/2015,"$1,087",,,,
449,2,0,0,0,1,"$50,500",1,2,12,South,Louisiana,New Orleans,27/01/2011,$940,,,,
450,1,0,0,0,1,"$15,500",1,1,6,South,Texas,Dallas,12/04/2014,$210,,,,
451,1,0,0,0,1,"$12,900",1,1,6,East,New York,Buffalo,29/08/2013,$107,,,,
452,2,1,0,0,1,"$52,400",0,NA,18,South,Florida,Miami,20/07/2015,$857,,,,
453,2,1,1,1,1,"$97,600",2,2,12,South,Texas,Houston,03/12/2014,"$1,162",,,,
454,2,1,0,0,1,"$50,500",0,2,12,West,Washington,Seattle,31/03/2011,"$1,029",,,,
455,2,1,0,0,1,"$55,900",1,2,12,West,California,San Francisco,22/06/2013,$909,,,,
456,1,0,0,0,0,"$28,900",0,2,24,West,Arizona,Phoenix,31/03/2009,$905,,,,
457,2,1,0,1,1,"$108,300",2,NA,12,West,Utah,Salt Lake City,13/07/2015,"$2,224",,,,
458,2,0,0,1,1,"$46,700",0,2,24,West,California,San Francisco,21/09/2012,$983,,,,
459,3,1,1,1,1,"$102,700",0,NA,18,East,Pennsylvania,Pittsburgh,04/08/2015,"$2,381",,,,
460,1,0,0,0,1,"$15,600",0,NA,12,West,California,Los Angeles,22/02/2015,$468,,,,
461,2,1,0,0,1,"$39,000",0,NA,6,West,Arizona,Phoenix,24/08/2015,$643,,,,
462,3,0,0,1,0,"$60,200",0,3,18,Midwest,Kansas,Kansas City,14/03/2013,"$2,328",,,,
463,1,0,0,0,1,"$17,300",0,1,12,Midwest,Kentucky,Louisville,24/03/2013,$345,,,,
464,2,0,0,0,1,"$36,900",1,1,6,South,Texas,Dallas,09/03/2015,$371,,,,
465,2,1,1,1,1,"$64,800",2,2,12,East,New York,New York,15/01/2010,$574,,,,
466,2,0,0,1,0,"$67,300",1,3,18,Midwest,Illinois,Chicago,09/08/2011,"$1,513",,,,
467,1,1,0,0,1,"$15,400",0,1,6,Midwest,Kansas,Kansas City,18/02/2010,$172,,,,
468,1,0,0,0,1,"$22,600",3,NA,6,East,Pennsylvania,Philadelphia,05/03/2015,$521,,,,
469,3,1,1,1,0,"$54,600",0,3,24,East,Ohio,Cleveland,30/10/2012,"$2,163",,,,
470,1,1,1,1,1,"$62,200",0,3,24,South,Florida,Miami,16/02/2010,"$1,348",,,,
471,1,1,0,1,1,"$56,300",0,NA,24,Midwest,Missouri,St. Louis,07/08/2015,"$1,608",,,,
472,1,1,0,0,1,"$21,000",0,1,24,South,Florida,Miami,31/01/2010,$646,,,,
473,2,0,0,1,1,"$66,900",2,2,12,East,Ohio,Cleveland,22/06/2011,$769,,,,
474,2,1,1,1,1,"$66,500",3,1,12,East,Ohio,Cleveland,11/07/2011,$286,,,,
475,1,0,0,0,1,"$13,600",1,1,6,Midwest,Kansas,Kansas City,05/04/2014,$183,,,,
476,2,1,1,1,1,"$54,200",1,2,6,South,Louisiana,New Orleans,22/08/2015,$757,,,,
477,2,1,1,1,1,"$102,400",1,3,18,South,Texas,Houston,22/08/2011,"$1,237",,,,
478,1,0,0,1,1,"$42,300",0,NA,6,East,Pennsylvania,Pittsburgh,18/06/2015,$856,,,,
479,3,0,0,0,1,"$14,900",0,NA,12,Midwest,Illinois,Chicago,18/05/2015,$275,,,,
480,2,1,1,1,1,"$123,800",2,NA,18,Midwest,Kansas,Kansas City,17/04/2015,"$3,537",,,,
481,3,1,1,0,1,"$58,700",0,NA,24,West,Arizona,Phoenix,21/08/2015,"$1,479",,,,
482,1,0,0,0,1,"$15,000",2,NA,12,South,Florida,Orlando,03/06/2015,$341,,,,
483,1,1,0,0,1,"$14,100",0,1,12,East,New York,Buffalo,24/05/2013,$328,,,,
484,1,0,0,0,0,"$17,300",1,1,18,East,New York,Buffalo,12/01/2011,$381,,,,
485,2,1,1,1,0,"$77,800",1,3,18,East,Massachusetts,Boston,28/05/2009,"$1,813",,,,
486,3,0,0,1,1,"$65,900",0,3,12,West,Washington,Seattle,27/03/2015,$777,,,,
487,2,1,1,0,1,"$73,200",0,3,24,Midwest,Illinois,Chicago,17/08/2013,"$2,177",,,,
488,2,1,1,1,1,"$88,100",2,2,24,Midwest,Missouri,St. Louis,08/01/2011,"$1,078",,,,
489,2,0,1,1,1,"$51,900",3,1,6,Midwest,Indiana,Indianapolis,05/08/2014,$158,,,,
490,3,0,1,0,0,"$47,500",0,3,6,Midwest,Ohio,Cincinnati,16/01/2013,$755,,,,
491,2,1,1,1,1,"$74,500",0,3,6,East,Pennsylvania,Philadelphia,07/07/2011,"$1,481",,,,
492,1,0,1,0,0,"$27,900",0,2,18,South,Florida,Orlando,27/01/2012,"$1,184",,,,
493,3,1,1,1,1,"$58,300",0,2,24,East,New York,New York,12/08/2014,"$1,472",,,,
494,2,1,1,1,1,"$81,200",0,3,24,West,California,San Francisco,02/01/2012,"$1,856",,,,
495,2,1,1,1,1,"$104,100",0,3,24,West,Arizona,Phoenix,14/04/2012,"$2,636",,,,
496,2,0,1,1,0,"$87,200",0,3,18,East,Pennsylvania,Philadelphia,13/08/2011,"$3,604",,,,
497,2,1,1,1,1,"$76,400",2,2,18,South,Texas,Houston,01/02/2009,$881,,,,
498,1,1,0,1,1,"$64,300",3,1,6,West,Arizona,Phoenix,07/09/2012,$239,,,,
499,2,1,1,1,1,"$119,800",2,2,24,Midwest,Kansas,Kansas City,21/07/2013,"$2,090",,,,
500,2,1,1,0,1,"$56,300",3,1,6,East,Pennsylvania,Philadelphia,03/06/2011,$321,,,,
501,1,1,0,1,1,"$67,800",0,3,12,Midwest,Illinois,Chicago,08/07/2014,"$1,084",,,,
502,1,1,0,1,1,"$66,700",0,NA,18,South,Texas,Dallas,08/07/2015,"$1,310",,,,
503,3,0,1,1,0,"$91,800",0,NA,24,East,Ohio,Cleveland,26/07/2015,"$2,452",,,,
504,1,1,0,0,1,"$17,700",1,1,12,Midwest,Kansas,Kansas City,17/12/2014,$268,,,,
505,2,0,1,1,1,"$97,900",0,3,24,West,California,San Francisco,06/04/2013,"$2,149",,,,
506,1,0,1,1,1,"$76,200",0,3,12,West,California,San Francisco,30/10/2011,$979,,,,
507,2,1,0,0,1,"$47,200",0,2,18,East,Pennsylvania,Pittsburgh,24/05/2013,"$1,587",,,,
508,1,1,0,0,1,"$21,700",1,NA,18,East,New York,Buffalo,31/05/2015,$774,,,,
509,2,1,1,1,1,"$82,400",0,3,18,East,Massachusetts,Boston,10/08/2015,"$1,779",,,,
510,2,0,0,0,0,"$35,600",3,1,18,West,California,Los Angeles,17/10/2014,$865,,,,
511,3,1,0,0,1,"$42,800",0,2,12,South,Tennessee,Memphis,21/12/2014,$922,,,,
512,2,1,0,0,1,"$72,000",0,3,12,Midwest,Indiana,Indianapolis,29/05/2012,"$1,475",,,,
513,2,0,1,1,0,"$90,400",1,3,18,East,New York,New York,03/12/2011,"$2,924",,,,
514,1,1,0,1,1,"$37,200",1,1,6,West,Washington,Seattle,31/08/2011,$247,,,,
515,2,1,1,1,1,"$77,000",0,3,12,East,Ohio,Cleveland,20/06/2011,"$2,104",,,,
516,1,0,0,1,1,"$71,200",3,1,12,East,Pennsylvania,Philadelphia,22/05/2009,$392,,,,
517,3,0,1,1,1,"$61,000",0,NA,18,Midwest,Kentucky,Louisville,06/01/2015,"$1,850",,,,
518,3,1,1,1,0,"$37,000",0,2,12,South,Florida,Orlando,17/05/2010,$850,,,,
519,1,0,0,0,1,"$25,300",3,NA,6,West,Arizona,Phoenix,25/03/2015,$510,,,,
520,1,0,0,1,0,"$53,700",0,3,24,West,Arizona,Phoenix,09/02/2015,"$2,491",,,,
521,2,0,0,0,1,"$48,100",0,2,12,West,Washington,Seattle,06/01/2015,$782,,,,
522,2,1,1,1,1,"$96,300",1,3,12,West,Washington,Seattle,28/06/2009,"$1,081",,,,
523,2,0,0,1,1,"$75,200",1,NA,24,Midwest,Illinois,Chicago,06/03/2015,"$2,702",,,,
524,3,0,0,1,0,"$81,500",0,3,18,West,Colorado,Denver,01/05/2012,"$3,655",,,,
525,2,1,0,1,0,"$83,500",2,3,24,West,Washington,Seattle,29/01/2012,"$2,098",,,,
526,3,0,1,0,1,"$30,900",0,2,18,East,Pennsylvania,Pittsburgh,17/03/2012,$862,,,,
527,2,0,1,1,1,"$75,600",0,NA,12,Midwest,Kansas,Kansas City,15/06/2015,"$1,541",,,,
528,1,1,0,1,0,"$25,100",0,2,12,Midwest,Indiana,Indianapolis,24/05/2011,$592,,,,
529,3,0,0,1,1,"$41,700",0,2,18,West,Washington,Seattle,09/09/2014,"$1,398",,,,
530,2,0,1,1,1,"$35,300",0,2,24,West,Arizona,Phoenix,27/07/2014,"$1,093",,,,
531,2,0,0,0,1,"$35,300",0,NA,18,West,Utah,Salt Lake City,17/02/2015,"$1,369",,,,
532,3,1,0,0,1,"$44,400",0,2,18,South,Louisiana,New Orleans,29/11/2011,$886,,,,
533,2,0,1,1,0,"$44,200",0,3,24,Midwest,Illinois,Chicago,08/12/2011,"$2,524",,,,
534,3,0,1,1,0,"$57,900",0,3,12,West,California,San Francisco,13/06/2013,"$1,693",,,,
535,2,1,1,1,1,"$97,100",0,NA,12,West,Arizona,Phoenix,10/01/2015,"$1,473",,,,
536,2,1,0,1,1,"$96,400",1,3,24,South,Texas,Dallas,06/05/2015,"$1,822",,,,
537,1,0,0,0,0,"$23,100",2,1,12,Midwest,Indiana,Indianapolis,04/02/2015,$457,,,,
538,2,1,0,0,0,"$67,700",0,3,12,West,Arizona,Phoenix,02/10/2014,"$2,226",,,,
539,2,0,0,1,0,"$53,900",1,3,18,East,Pennsylvania,Pittsburgh,20/09/2012,"$2,177",,,,
540,1,0,1,1,1,"$42,400",1,NA,18,Midwest,Kentucky,Louisville,27/08/2015,"$1,166",,,,
541,2,0,1,0,1,"$52,700",2,1,18,Midwest,Illinois,Chicago,14/10/2010,$855,,,,
542,2,1,0,0,1,"$47,000",1,2,12,West,Utah,Salt Lake City,14/06/2014,$584,,,,
543,1,0,0,0,1,"$14,800",1,1,6,East,New York,New York,25/06/2009,$209,,,,
544,1,0,0,0,1,"$12,700",3,1,12,South,Florida,Orlando,19/08/2009,$87,,,,
545,3,0,1,1,1,"$96,200",0,3,12,South,Tennessee,Memphis,06/04/2009,"$1,457",,,,
546,1,0,1,0,1,"$15,100",0,1,6,Midwest,Kansas,Kansas City,04/06/2015,$274,,,,
547,1,1,0,1,1,"$43,700",1,NA,12,Midwest,Indiana,Indianapolis,19/08/2015,$927,,,,
548,3,0,1,0,1,"$43,300",0,NA,12,East,Ohio,Cleveland,29/08/2015,"$1,584",,,,
549,2,0,1,0,1,"$36,700",1,NA,6,South,Florida,Miami,21/08/2015,$529,,,,
550,3,0,1,0,1,"$28,500",0,1,24,West,Utah,Salt Lake City,08/04/2009,$621,,,,
551,2,0,0,0,1,"$32,100",2,1,24,West,Washington,Seattle,21/08/2013,$405,,,,
552,2,1,0,1,1,"$92,900",1,NA,6,East,New York,Buffalo,09/01/2015,"$1,705",,,,
553,3,0,1,1,0,"$40,100",0,2,12,Midwest,Kentucky,Louisville,03/06/2011,"$1,384",,,,
554,3,0,0,0,1,"$21,400",0,1,18,Midwest,Missouri,St. Louis,14/10/2013,$498,,,,
555,2,1,1,1,1,"$72,200",0,3,24,East,Ohio,Cleveland,27/05/2011,"$2,492",,,,
556,3,0,1,1,0,"$67,900",0,3,24,Midwest,Indiana,Indianapolis,04/01/2009,"$2,925",,,,
557,1,0,0,0,0,"$21,100",1,1,6,East,Massachusetts,Boston,10/11/2009,$470,,,,
558,2,1,1,1,0,"$93,000",3,3,6,South,Louisiana,New Orleans,17/02/2015,"$1,046",,,,
559,1,0,0,1,1,"$40,900",2,1,18,West,Arizona,Phoenix,27/03/2012,$576,,,,
560,2,1,1,0,0,"$61,300",2,3,24,Midwest,Illinois,Chicago,15/03/2014,"$1,241",,,,
561,3,0,1,1,1,"$110,700",0,3,12,West,Colorado,Denver,13/12/2013,"$2,458",,,,
562,2,1,0,1,1,"$81,800",1,3,18,East,Ohio,Cleveland,08/07/2009,"$1,838",,,,
563,1,1,0,0,1,"$19,100",0,NA,6,East,New York,Buffalo,23/02/2015,$176,,,,
564,1,0,0,1,1,"$73,600",1,2,6,Midwest,Illinois,Chicago,09/04/2010,$647,,,,
565,2,0,1,0,0,"$62,500",3,NA,6,South,Tennessee,Memphis,20/06/2015,$921,,,,
566,2,0,0,1,1,"$48,600",0,2,24,West,California,San Francisco,21/07/2012,"$1,583",,,,
567,3,1,0,1,1,"$69,800",0,3,24,South,Texas,Houston,02/11/2011,"$2,764",,,,
568,2,1,1,1,1,"$90,300",0,3,24,East,Massachusetts,Boston,15/04/2014,"$1,944",,,,
569,2,1,1,1,1,"$74,500",2,2,12,Midwest,Indiana,Indianapolis,12/04/2010,$824,,,,
570,1,0,1,0,0,"$32,000",1,NA,24,South,Texas,Houston,11/07/2015,"$1,320",,,,
571,2,0,1,1,1,"$68,200",1,NA,6,East,New York,New York,25/07/2015,$818,,,,
572,1,0,1,0,1,"$21,600",2,NA,12,South,Texas,Houston,09/02/2015,$491,,,,
573,2,0,0,0,0,"$38,200",0,2,24,South,Texas,Houston,25/04/2014,"$1,476",,,,
574,2,0,0,1,1,"$91,000",2,2,6,Midwest,Kansas,Kansas City,25/04/2011,$708,,,,
575,1,0,0,0,0,"$12,000",0,1,6,Midwest,Kansas,Kansas City,29/03/2015,$264,,,,
576,1,0,0,0,0,"$18,200",2,1,12,South,Tennessee,Memphis,13/04/2012,$322,,,,
577,2,0,0,1,1,"$72,100",0,3,24,Midwest,Kansas,Kansas City,17/10/2014,"$3,052",,,,
578,2,1,0,1,1,"$38,400",2,1,6,East,Pennsylvania,Philadelphia,01/11/2014,$188,,,,
579,2,1,1,1,0,"$79,700",1,3,24,South,Tennessee,Memphis,07/12/2010,"$3,384",,,,
580,1,1,0,0,0,"$17,700",0,1,18,South,Tennessee,Memphis,15/11/2010,$742,,,,
581,3,1,1,1,0,"$112,900",0,3,24,South,Florida,Orlando,05/02/2009,"$6,217",,,,
582,1,0,0,0,1,"$17,800",1,1,6,East,Pennsylvania,Pittsburgh,08/08/2012,$216,,,,
583,2,0,1,1,0,"$52,300",1,3,18,Midwest,Kentucky,Louisville,07/06/2010,"$2,034",,,,
584,2,1,1,0,0,"$60,200",0,3,12,East,New York,Buffalo,21/05/2009,"$1,955",,,,
585,2,0,1,1,1,"$80,800",1,NA,18,Midwest,Illinois,Chicago,18/04/2015,"$1,598",,,,
586,1,0,0,0,1,"$21,900",1,NA,12,Midwest,Illinois,Chicago,06/08/2015,$576,,,,
587,2,1,1,1,0,"$102,700",1,3,18,South,Florida,Miami,08/04/2010,"$3,785",,,,
588,2,0,1,1,1,"$90,500",1,3,6,South,Florida,Miami,18/02/2014,"$1,116",,,,
589,2,1,1,0,1,"$44,600",2,1,6,East,Ohio,Cleveland,19/11/2014,$236,,,,
590,3,1,1,1,1,"$85,300",0,NA,12,South,Tennessee,Memphis,27/06/2015,"$2,523",,,,
591,1,1,0,0,1,"$13,000",3,1,6,West,California,San Francisco,26/07/2014,$43,,,,
592,1,0,0,0,0,"$32,400",1,2,24,South,Florida,Orlando,24/07/2011,$920,,,,
593,1,1,0,1,0,"$46,300",1,2,18,South,Florida,Miami,24/07/2010,"$1,357",,,,
594,2,0,0,1,0,"$120,800",1,3,24,South,Florida,Orlando,18/08/2014,"$5,830",,,,
595,2,0,1,1,1,"$92,300",3,1,18,Midwest,Ohio,Cincinnati,30/11/2014,$655,,,,
596,2,1,1,1,1,"$102,300",0,3,24,Midwest,Kentucky,Louisville,09/08/2011,"$2,438",,,,
597,2,0,0,0,1,"$41,400",3,1,6,East,Ohio,Cleveland,31/08/2014,$223,,,,
598,3,0,1,1,1,"$22,400",0,NA,24,South,Louisiana,New Orleans,19/04/2015,$947,,,,
599,2,1,1,1,1,"$102,700",3,NA,12,West,Utah,Salt Lake City,17/06/2015,"$1,473",,,,
600,2,0,0,0,0,"$44,100",1,2,18,West,Colorado,Denver,09/12/2013,"$1,659",,,,
601,1,0,1,1,0,"$33,700",0,NA,6,South,Tennessee,Memphis,25/02/2015,$614,,,,
602,2,1,1,0,0,"$39,100",1,2,12,South,Florida,Orlando,25/01/2013,"$1,001",,,,
603,1,1,0,1,0,"$41,500",3,NA,24,West,Washington,Seattle,09/04/2015,"$1,314",,,,
604,3,0,0,0,0,"$17,900",0,1,6,Midwest,Kansas,Kansas City,21/02/2010,$446,,,,
605,1,1,0,0,1,"$14,600",3,NA,6,South,Texas,Dallas,24/04/2015,$307,,,,
606,2,0,1,0,1,"$46,300",3,NA,6,Midwest,Kansas,Kansas City,20/08/2015,"$1,138",,,,
607,3,1,0,0,1,"$34,500",0,2,24,West,Utah,Salt Lake City,23/11/2011,$639,,,,
608,2,0,1,1,1,"$76,600",3,NA,24,East,Ohio,Cleveland,22/06/2015,"$2,904",,,,
609,2,1,1,1,0,"$100,100",1,3,24,South,Florida,Miami,05/11/2012,"$3,491",,,,
610,1,1,0,1,1,"$49,300",0,NA,24,East,Ohio,Cleveland,01/05/2015,"$1,692",,,,
611,3,1,1,0,1,"$63,200",0,3,24,East,Pennsylvania,Pittsburgh,19/12/2014,"$1,507",,,,
612,3,0,1,1,1,"$42,800",0,2,6,South,Texas,Houston,03/08/2013,$685,,,,
613,3,1,1,1,1,"$106,600",0,3,12,Midwest,Kentucky,Louisville,22/05/2013,"$1,877",,,,
614,3,0,1,1,0,"$74,900",0,NA,12,South,Texas,Houston,10/06/2015,"$1,804",,,,
615,1,0,0,0,1,"$19,100",1,1,18,West,California,Los Angeles,19/02/2010,$403,,,,
616,2,1,1,0,1,"$48,800",1,2,24,West,Colorado,Denver,05/06/2015,"$1,271",,,,
617,2,0,1,1,1,"$105,300",1,NA,24,East,Massachusetts,Boston,24/03/2015,"$3,360",,,,
618,3,1,1,1,1,"$90,600",0,3,24,South,Florida,Miami,29/10/2012,"$3,167",,,,
619,2,0,1,1,1,"$105,500",1,3,6,East,Ohio,Cleveland,06/03/2012,"$1,781",,,,
620,1,0,0,0,1,"$17,900",3,1,6,West,California,Los Angeles,03/07/2011,$62,,,,
621,2,1,1,1,1,"$99,300",1,3,12,Midwest,Ohio,Cincinnati,03/11/2013,"$1,504",,,,
622,3,0,1,0,1,"$17,600",0,1,6,West,Arizona,Phoenix,11/10/2009,$224,,,,
623,2,1,1,1,1,"$76,700",1,2,24,Midwest,Illinois,Chicago,12/12/2010,"$1,431",,,,
624,3,0,1,1,1,"$65,900",0,3,24,Midwest,Kentucky,Louisville,30/08/2012,"$1,436",,,,
625,2,0,1,1,1,"$63,700",3,1,12,East,Massachusetts,Boston,27/01/2009,$364,,,,
626,2,1,0,1,1,"$93,000",1,3,24,South,Texas,Dallas,15/08/2015,"$2,644",,,,
627,3,0,1,1,0,"$33,600",2,2,12,Midwest,Kentucky,Louisville,24/07/2010,$805,,,,
628,1,0,1,0,1,"$27,500",3,NA,12,East,Pennsylvania,Philadelphia,16/01/2015,$571,,,,
629,2,1,1,1,1,"$84,100",3,NA,6,West,Colorado,Denver,02/02/2015,"$1,352",,,,
630,2,0,1,0,1,"$48,700",2,1,12,Midwest,Kansas,Kansas City,17/06/2013,$528,,,,
631,2,1,0,0,1,"$45,900",0,2,12,East,New York,New York,25/01/2011,$716,,,,
632,3,0,1,1,1,"$70,700",0,3,24,South,Texas,Dallas,19/02/2014,"$2,150",,,,
633,1,1,0,0,0,"$13,800",1,1,12,West,Arizona,Phoenix,14/10/2009,$368,,,,
634,2,0,1,1,1,"$100,800",1,3,24,West,Colorado,Denver,24/11/2009,"$1,789",,,,
635,1,1,0,0,0,"$25,700",0,2,18,Midwest,Indiana,Indianapolis,10/09/2013,$907,,,,
636,1,0,0,0,1,"$27,000",1,NA,24,Midwest,Kentucky,Louisville,27/07/2015,"$1,012",,,,
637,3,0,1,0,1,"$51,900",0,2,12,East,New York,New York,20/02/2014,"$1,148",,,,
638,2,0,0,0,0,"$37,800",2,NA,12,Midwest,Indiana,Indianapolis,12/02/2015,"$1,185",,,,
639,2,0,1,1,1,"$74,700",1,2,6,South,Louisiana,New Orleans,07/06/2013,$704,,,,
640,1,1,0,0,0,"$14,800",1,NA,12,Midwest,Indiana,Indianapolis,18/08/2015,$376,,,,
641,1,1,0,0,1,"$17,400",0,NA,12,East,Pennsylvania,Pittsburgh,16/05/2015,$332,,,,
642,2,0,1,1,1,"$59,900",1,NA,6,Midwest,Ohio,Cincinnati,20/02/2015,$613,,,,
643,2,0,1,0,1,"$67,800",1,2,6,West,California,San Francisco,12/01/2012,$680,,,,
644,2,0,0,1,1,"$135,700",1,3,24,Midwest,Kansas,Kansas City,21/09/2012,"$2,746",,,,
645,2,1,0,1,0,"$63,000",0,3,18,Midwest,Ohio,Cincinnati,31/07/2010,"$2,107",,,,
646,1,0,1,0,0,"$21,900",2,1,24,South,Texas,Dallas,03/02/2011,$486,,,,
647,2,0,0,1,1,"$114,100",1,NA,24,South,Texas,Houston,09/02/2015,"$1,976",,,,
648,1,1,0,0,0,"$22,900",1,NA,12,West,Arizona,Phoenix,04/03/2015,$814,,,,
649,2,0,1,1,1,"$82,700",1,3,18,South,Texas,Dallas,29/08/2013,"$1,753",,,,
650,3,0,1,1,1,"$103,300",0,3,24,West,Colorado,Denver,11/11/2010,"$3,378",,,,
651,2,1,1,1,0,"$113,800",0,NA,12,West,Colorado,Denver,07/02/2015,"$3,273",,,,
652,1,1,0,1,1,"$54,500",1,2,18,West,California,San Francisco,20/10/2013,"$1,001",,,,
653,3,1,1,1,1,"$54,600",0,2,24,West,Arizona,Phoenix,02/11/2011,"$1,246",,,,
654,1,0,0,0,1,"$18,900",1,1,6,West,Colorado,Denver,15/11/2013,$184,,,,
655,2,0,1,1,1,"$83,300",1,3,24,East,Pennsylvania,Pittsburgh,20/12/2010,"$2,574",,,,
656,2,1,0,0,0,"$60,200",0,3,24,West,Washington,Seattle,25/08/2010,"$2,304",,,,
657,2,0,0,0,1,"$53,700",2,NA,12,East,New York,Buffalo,12/04/2015,"$1,194",,,,
658,3,0,1,1,1,"$89,000",0,3,12,West,Arizona,Phoenix,07/01/2013,"$1,487",,,,
659,1,0,0,0,1,"$12,500",3,NA,12,South,Tennessee,Memphis,23/07/2015,$206,,,,
660,2,1,1,0,1,"$50,600",3,NA,6,South,Louisiana,New Orleans,09/07/2015,$713,,,,
661,2,0,1,1,1,"$67,900",3,1,12,East,New York,New York,23/08/2014,$356,,,,
662,2,1,0,1,1,"$62,800",3,1,6,East,Ohio,Cleveland,15/06/2011,$177,,,,
663,2,0,1,0,0,"$34,600",2,2,18,West,Arizona,Phoenix,06/01/2015,$748,,,,
664,2,0,1,0,1,"$43,500",1,2,12,West,Arizona,Phoenix,25/02/2011,$500,,,,
665,3,1,1,1,0,"$80,700",0,NA,18,East,Massachusetts,Boston,19/05/2015,"$3,034",,,,
666,3,1,0,0,1,"$29,000",0,1,6,South,Texas,Dallas,24/08/2011,$482,,,,
667,1,0,0,0,0,"$27,600",1,2,24,Midwest,Ohio,Cincinnati,20/12/2012,$893,,,,
668,3,0,1,1,0,"$12,600",2,1,12,West,Utah,Salt Lake City,09/05/2009,$164,,,,
669,2,0,1,1,0,"$88,600",1,3,18,East,New York,Buffalo,11/07/2015,"$2,563",,,,
670,2,1,1,1,0,"$61,400",1,3,24,East,Ohio,Cleveland,24/01/2011,"$1,575",,,,
671,2,0,0,0,1,"$40,200",1,NA,12,Midwest,Kentucky,Louisville,23/07/2015,$881,,,,
672,1,0,0,1,1,"$69,700",2,2,6,West,California,Los Angeles,08/07/2010,$584,,,,
673,2,1,0,0,1,"$53,300",0,2,18,South,Tennessee,Memphis,16/08/2010,"$1,720",,,,
674,3,1,0,1,0,"$66,200",0,NA,6,East,Pennsylvania,Pittsburgh,08/02/2015,"$1,024",,,,
675,2,1,0,0,1,"$54,400",0,2,6,East,Pennsylvania,Pittsburgh,12/01/2015,"$1,150",,,,
676,2,1,0,1,1,"$68,700",0,3,24,West,California,San Francisco,12/02/2014,"$2,763",,,,
677,1,0,0,0,1,"$25,100",1,NA,6,Midwest,Illinois,Chicago,05/01/2015,$421,,,,
678,1,0,0,0,1,"$20,300",2,1,12,South,Florida,Miami,08/01/2013,$180,,,,
679,3,0,1,1,1,"$118,800",0,3,18,West,Colorado,Denver,21/05/2015,"$2,176",,,,
680,1,1,0,0,1,"$17,600",0,NA,6,West,California,Los Angeles,10/05/2015,$273,,,,
681,2,1,1,1,0,"$88,700",2,3,24,South,Texas,Houston,23/06/2011,"$2,693",,,,
682,2,0,1,1,0,"$84,900",1,3,24,West,California,San Francisco,25/08/2013,"$3,072",,,,
683,2,1,1,1,0,"$89,500",0,3,24,South,Florida,Miami,19/06/2015,"$5,209",,,,
684,1,0,0,0,1,"$11,900",1,1,6,West,Utah,Salt Lake City,13/07/2012,$143,,,,
685,3,1,1,1,0,"$65,500",0,3,24,East,Massachusetts,Boston,29/11/2009,"$1,931",,,,
686,1,0,0,0,1,"$17,600",2,1,18,South,Tennessee,Memphis,23/02/2014,$163,,,,
687,2,0,1,1,1,"$82,400",2,2,18,West,Arizona,Phoenix,09/06/2012,$657,,,,
688,2,0,0,0,1,"$40,400",1,1,24,East,Pennsylvania,Philadelphia,10/08/2009,$630,,,,
689,2,1,1,1,1,"$70,000",0,3,24,East,Pennsylvania,Pittsburgh,07/04/2014,"$1,974",,,,
690,1,0,1,0,1,"$44,700",1,2,6,Midwest,Kentucky,Louisville,30/01/2014,$502,,,,
691,2,0,1,0,1,"$47,900",1,2,24,Midwest,Illinois,Chicago,09/02/2010,$662,,,,
692,1,0,0,1,1,"$63,200",0,3,24,South,Tennessee,Memphis,18/08/2014,"$1,512",,,,
693,2,1,1,1,0,"$86,100",1,NA,12,Midwest,Indiana,Indianapolis,20/05/2015,"$1,255",,,,
694,3,0,1,0,1,"$14,600",0,1,24,Midwest,Ohio,Cincinnati,09/11/2010,$468,,,,
695,2,1,1,0,1,"$62,900",0,NA,24,West,Colorado,Denver,06/06/2015,"$2,561",,,,
696,1,1,1,0,1,"$23,200",0,NA,24,East,Ohio,Cleveland,12/05/2015,$534,,,,
697,2,0,1,0,0,"$52,600",2,2,12,East,New York,New York,02/05/2011,"$1,307",,,,
698,2,1,0,0,1,"$53,900",1,2,6,East,Massachusetts,Boston,24/09/2014,$735,,,,
699,2,1,1,1,1,"$100,100",2,NA,6,West,California,San Francisco,21/07/2015,"$1,597",,,,
700,2,1,0,0,0,"$50,000",1,NA,6,East,Pennsylvania,Pittsburgh,03/07/2015,"$1,079",,,,
701,3,0,0,1,1,"$97,000",0,NA,24,Midwest,Illinois,Chicago,29/08/2015,"$2,599",,,,
702,3,0,1,1,1,"$35,000",0,2,6,Midwest,Illinois,Chicago,26/01/2009,$473,,,,
703,1,1,1,0,0,"$39,600",0,NA,12,South,Texas,Dallas,26/08/2015,"$1,085",,,,
704,3,0,0,1,1,"$46,900",0,2,6,East,Pennsylvania,Philadelphia,08/12/2012,$703,,,,
705,3,1,0,1,1,"$81,800",0,3,6,East,Massachusetts,Boston,30/07/2013,$919,,,,
706,2,1,1,1,1,"$99,200",3,NA,12,West,Utah,Salt Lake City,21/07/2015,"$2,796",,,,
707,2,0,0,1,0,"$75,800",1,3,12,East,Pennsylvania,Pittsburgh,21/09/2012,"$1,830",,,,
708,1,0,0,0,1,"$14,500",1,1,6,West,Colorado,Denver,27/03/2011,$183,,,,
709,1,0,0,0,0,"$19,700",2,1,6,South,Florida,Miami,12/08/2010,$330,,,,
710,2,1,0,0,1,"$43,200",0,NA,24,Midwest,Missouri,St. Louis,19/02/2015,$917,,,,
711,1,1,0,0,1,"$14,400",0,NA,24,Midwest,Missouri,St. Louis,02/04/2015,$615,,,,
712,1,1,0,1,0,"$43,500",1,2,12,Midwest,Ohio,Cincinnati,31/10/2013,$808,,,,
713,2,1,1,0,1,"$55,500",3,1,18,Midwest,Missouri,St. Louis,19/07/2015,$427,,,,
714,2,0,1,1,1,"$108,100",1,3,12,Midwest,Illinois,Chicago,06/02/2010,"$1,133",,,,
715,2,0,0,0,1,"$33,200",1,NA,6,West,Washington,Seattle,19/07/2015,$320,,,,
716,2,1,1,1,0,"$98,900",0,NA,18,East,Pennsylvania,Philadelphia,11/03/2015,"$3,126",,,,
717,3,0,1,1,0,"$81,400",0,3,24,South,Texas,Houston,01/09/2012,"$3,001",,,,
718,1,0,0,0,1,"$20,100",1,1,12,West,Utah,Salt Lake City,19/11/2009,$271,,,,
719,1,0,0,0,1,"$12,000",0,1,6,South,Florida,Miami,06/05/2012,$140,,,,
720,2,1,0,1,1,"$79,500",0,3,18,South,Florida,Miami,22/09/2013,"$1,763",,,,
721,1,0,1,0,0,"$27,900",1,NA,12,Midwest,Ohio,Cincinnati,09/08/2015,$576,,,,
722,2,1,0,1,0,"$70,500",1,NA,24,East,Pennsylvania,Philadelphia,08/03/2015,"$2,145",,,,
723,1,1,0,0,1,"$21,200",0,NA,12,Midwest,Indiana,Indianapolis,14/05/2015,$417,,,,
724,3,0,1,0,0,"$42,600",0,3,24,West,Utah,Salt Lake City,30/10/2012,"$1,790",,,,
725,2,1,1,1,1,"$118,500",1,3,24,West,Utah,Salt Lake City,22/02/2011,"$3,063",,,,
726,1,0,1,0,1,"$15,600",1,1,6,West,Utah,Salt Lake City,04/12/2014,$136,,,,
727,1,0,1,0,1,"$27,200",2,1,18,East,Pennsylvania,Pittsburgh,06/01/2011,$446,,,,
728,1,1,0,0,1,"$26,100",1,NA,6,Midwest,Kansas,Kansas City,05/03/2015,$494,,,,
729,2,1,1,0,1,"$55,900",0,2,12,Midwest,Illinois,Chicago,02/02/2011,$964,,,,
730,1,1,0,1,1,"$27,400",1,1,6,East,Ohio,Cleveland,25/06/2011,$278,,,,
731,2,1,0,0,0,"$59,000",0,3,24,East,Massachusetts,Boston,02/08/2012,"$3,044",,,,
732,1,0,0,1,1,"$37,100",2,1,24,Midwest,Indiana,Indianapolis,06/12/2009,$653,,,,
733,3,1,1,0,0,"$62,000",0,3,24,West,Arizona,Phoenix,12/02/2011,"$3,293",,,,
734,1,0,1,1,0,"$68,000",0,3,24,South,Florida,Orlando,02/07/2010,"$3,688",,,,
735,1,1,0,0,1,"$15,000",3,1,6,South,Texas,Dallas,04/07/2012,$38,,,,
736,2,0,0,1,0,"$45,400",3,2,24,East,New York,Buffalo,15/08/2011,"$1,203",,,,
737,3,1,1,1,1,"$56,600",0,NA,24,Midwest,Ohio,Cincinnati,15/04/2015,"$1,607",,,,
738,3,0,1,0,0,"$16,300",0,1,6,West,California,Los Angeles,19/09/2011,$317,,,,
739,2,0,0,0,0,"$45,600",0,3,12,West,California,Los Angeles,23/09/2012,"$1,322",,,,
740,1,1,0,0,1,"$14,200",0,1,6,Midwest,Illinois,Chicago,24/03/2010,$250,,,,
741,2,0,1,1,1,"$72,200",2,2,18,Midwest,Kentucky,Louisville,01/10/2011,$715,,,,
742,2,1,1,1,1,"$126,500",2,3,18,West,California,San Francisco,30/05/2012,"$2,000",,,,
743,2,1,1,0,0,"$70,200",0,3,12,Midwest,Kansas,Kansas City,17/02/2010,"$1,702",,,,
744,1,0,0,0,1,"$13,500",0,1,18,East,New York,New York,23/07/2015,$296,,,,
745,2,1,0,1,1,"$118,800",0,3,12,West,California,Los Angeles,01/05/2015,"$2,631",,,,
746,2,0,0,0,0,"$39,000",3,1,6,East,New York,New York,19/10/2012,$292,,,,
747,2,1,1,1,1,"$140,700",3,2,12,South,Tennessee,Memphis,25/06/2014,"$1,001",,,,
748,1,1,0,1,0,"$51,600",0,NA,12,East,New York,Buffalo,28/06/2015,"$1,082",,,,
749,3,0,0,1,1,"$39,700",0,2,12,Midwest,Missouri,St. Louis,06/11/2013,$573,,,,
750,3,0,1,1,1,"$90,500",0,3,6,West,California,San Francisco,17/10/2011,$863,,,,
751,3,1,0,1,1,"$90,200",0,3,18,South,Louisiana,New Orleans,04/01/2009,"$2,183",,,,
752,2,0,1,1,0,"$101,700",1,NA,24,West,Arizona,Phoenix,30/06/2015,"$2,551",,,,
753,1,0,1,0,1,"$24,400",1,1,6,East,Pennsylvania,Pittsburgh,31/07/2012,$220,,,,
754,2,0,0,0,0,"$45,500",1,NA,18,South,Texas,Houston,28/04/2015,"$1,624",,,,
755,2,1,1,1,1,"$42,700",0,2,6,East,New York,Buffalo,06/01/2013,$541,,,,
756,2,0,0,1,1,"$82,300",2,2,12,South,Louisiana,New Orleans,03/10/2010,$580,,,,
757,1,0,1,0,0,"$31,900",0,NA,12,West,Arizona,Phoenix,10/02/2015,$860,,,,
758,2,0,1,0,0,"$25,300",1,NA,6,South,Florida,Miami,14/04/2015,$451,,,,
759,1,0,1,1,0,"$55,900",1,NA,6,East,Ohio,Cleveland,27/06/2015,$788,,,,
760,2,0,1,0,1,"$47,900",0,NA,12,Midwest,Indiana,Indianapolis,12/02/2015,"$1,090",,,,
761,2,0,0,1,1,"$66,300",2,2,12,West,California,San Francisco,20/01/2011,$544,,,,
762,2,0,1,1,0,"$118,300",1,3,12,South,Tennessee,Memphis,10/05/2010,"$2,502",,,,
763,2,1,1,1,1,"$77,100",2,2,6,Midwest,Indiana,Indianapolis,03/07/2014,$568,,,,
764,1,1,0,0,1,"$28,400",3,1,18,South,Florida,Orlando,30/10/2010,$182,,,,
765,2,0,0,0,1,"$42,200",0,NA,18,Midwest,Illinois,Chicago,13/05/2015,"$1,753",,,,
766,1,1,1,0,1,"$31,900",0,2,6,South,Texas,Dallas,11/10/2014,$616,,,,
767,2,0,1,1,1,"$59,100",1,NA,6,South,Texas,Houston,24/02/2015,"$1,426",,,,
768,2,1,0,1,0,"$72,200",3,2,18,Midwest,Illinois,Chicago,16/04/2010,"$1,042",,,,
769,2,0,0,1,1,"$60,500",2,1,6,West,Arizona,Phoenix,11/10/2014,$409,,,,
770,1,1,0,1,1,"$36,700",0,2,12,West,California,San Francisco,09/08/2015,$731,,,,
771,2,1,1,1,1,"$88,700",1,NA,18,East,Massachusetts,Boston,28/03/2015,"$2,448",,,,
772,2,0,1,0,1,"$51,200",0,2,18,West,Arizona,Phoenix,26/03/2012,"$1,257",,,,
773,2,1,0,0,1,"$60,300",0,3,6,West,Utah,Salt Lake City,09/06/2009,$701,,,,
774,3,0,0,0,1,"$29,200",0,1,12,West,Arizona,Phoenix,26/10/2014,$556,,,,
775,2,1,1,1,1,"$79,600",2,NA,6,West,Utah,Salt Lake City,25/04/2015,"$1,575",,,,
776,2,1,1,1,1,"$79,000",2,2,18,South,Florida,Orlando,16/07/2014,$671,,,,
777,1,1,0,1,1,"$36,600",0,NA,6,West,Arizona,Phoenix,19/01/2015,$587,,,,
778,2,1,0,0,1,"$34,200",1,1,18,South,Texas,Dallas,30/07/2009,$523,,,,
779,1,1,0,0,0,"$19,400",0,1,6,Midwest,Illinois,Chicago,17/07/2010,$563,,,,
780,2,0,1,1,1,"$86,400",1,3,12,South,Tennessee,Memphis,28/05/2013,"$1,713",,,,
781,1,0,0,0,1,"$11,500",3,NA,6,Midwest,Kansas,Kansas City,15/02/2015,$157,,,,
782,1,0,0,0,1,"$24,000",2,NA,6,Midwest,Ohio,Cincinnati,09/02/2015,$362,,,,
783,2,1,1,1,0,"$123,000",1,3,24,West,Washington,Seattle,08/03/2014,"$5,878",,,,
784,2,0,1,1,1,"$71,900",0,3,18,Midwest,Missouri,St. Louis,11/01/2015,"$1,846",,,,
785,3,0,0,1,1,"$70,900",0,3,24,East,Pennsylvania,Pittsburgh,07/01/2014,"$1,685",,,,
786,1,1,0,0,0,"$20,300",2,1,24,South,Louisiana,New Orleans,22/11/2011,$450,,,,
787,2,1,0,0,1,"$52,100",0,NA,12,Midwest,Illinois,Chicago,27/05/2015,"$1,668",,,,
788,1,0,0,0,1,"$16,900",2,NA,6,East,Pennsylvania,Pittsburgh,08/08/2015,$281,,,,
789,2,0,1,1,0,"$96,800",3,NA,24,Midwest,Kentucky,Louisville,07/03/2015,"$3,082",,,,
790,1,1,0,1,0,"$55,000",0,NA,12,Midwest,Kansas,Kansas City,06/08/2015,"$1,162",,,,
791,1,1,0,0,1,"$20,900",0,NA,6,Midwest,Missouri,St. Louis,26/06/2015,$296,,,,
792,2,1,1,1,1,"$102,400",1,NA,12,Midwest,Kentucky,Louisville,13/07/2015,"$2,466",,,,
793,2,1,0,0,0,"$53,800",0,3,12,Midwest,Indiana,Indianapolis,28/04/2013,"$1,803",,,,
794,2,1,1,1,1,"$98,400",0,3,12,Midwest,Indiana,Indianapolis,27/12/2014,"$1,414",,,,
795,2,0,0,0,1,"$40,700",3,1,18,South,Louisiana,New Orleans,10/08/2014,$232,,,,
796,3,0,1,1,1,"$83,700",0,3,18,East,Pennsylvania,Pittsburgh,28/06/2013,"$1,582",,,,
797,3,1,1,1,1,"$134,500",0,3,24,South,Florida,Orlando,16/10/2010,"$4,558",,,,
798,2,1,1,0,1,"$74,400",0,3,12,West,Washington,Seattle,19/06/2015,"$1,152",,,,
799,2,1,1,1,0,"$111,800",3,3,18,West,California,Los Angeles,04/12/2012,"$2,065",,,,
800,3,0,1,0,1,"$39,600",0,2,12,South,Tennessee,Memphis,04/02/2014,$610,,,,
801,2,1,1,0,1,"$64,200",0,3,18,Midwest,Kentucky,Louisville,06/06/2014,"$1,642",,,,
802,1,0,0,1,1,"$40,000",0,NA,6,South,Florida,Orlando,28/06/2015,$613,,,,
803,2,0,1,0,0,"$64,400",3,2,24,Midwest,Indiana,Indianapolis,29/05/2014,"$1,913",,,,
804,2,0,0,1,1,"$79,900",1,2,12,Midwest,Indiana,Indianapolis,28/02/2010,"$1,041",,,,
805,3,1,1,1,1,"$77,300",0,3,18,East,Pennsylvania,Pittsburgh,24/12/2012,"$1,853",,,,
806,2,1,1,1,1,"$98,500",0,3,18,South,Texas,Houston,30/01/2009,"$2,034",,,,
807,2,0,0,1,1,"$93,500",1,3,18,East,New York,New York,11/05/2009,"$1,426",,,,
808,2,0,0,0,0,"$49,500",2,2,12,East,Ohio,Cleveland,18/09/2011,"$1,195",,,,
809,2,1,1,1,1,"$127,000",0,NA,12,South,Florida,Orlando,01/01/2015,"$1,821",,,,
810,2,1,1,1,1,"$95,100",2,2,12,East,New York,Buffalo,01/03/2015,$809,,,,
811,1,0,0,0,0,"$18,400",1,1,12,South,Florida,Miami,02/04/2015,$662,,,,
812,1,0,0,0,0,"$13,500",2,1,12,Midwest,Missouri,St. Louis,02/05/2010,$160,,,,
813,2,1,0,0,1,"$43,800",0,2,12,East,New York,New York,12/12/2011,$606,,,,
814,3,1,1,1,1,"$66,300",0,3,12,East,New York,New York,20/02/2010,"$1,088",,,,
815,1,0,0,0,1,"$18,800",2,1,18,Midwest,Illinois,Chicago,01/02/2010,$170,,,,
816,2,1,0,0,1,"$53,900",0,2,12,Midwest,Kansas,Kansas City,23/09/2013,"$1,060",,,,
817,2,1,1,0,1,"$45,800",0,NA,6,South,Texas,Houston,22/07/2015,$712,,,,
818,1,1,0,0,0,"$19,000",0,NA,12,West,California,Los Angeles,02/05/2015,$428,,,,
819,1,0,0,1,1,"$25,500",2,1,6,East,New York,New York,12/08/2015,$139,,,,
820,3,0,0,1,0,"$64,600",0,3,18,East,Pennsylvania,Philadelphia,19/12/2012,"$2,206",,,,
821,2,1,1,1,1,"$82,100",1,3,18,Midwest,Ohio,Cincinnati,27/12/2011,"$1,308",,,,
822,3,1,1,0,1,"$51,400",0,NA,6,West,California,San Francisco,15/02/2015,$694,,,,
823,2,1,0,0,0,"$65,400",0,3,12,Midwest,Illinois,Chicago,16/08/2009,"$2,296",,,,
824,2,0,0,1,0,"$60,100",1,3,18,East,New York,Buffalo,03/08/2014,"$1,430",,,,
825,3,0,1,1,1,"$77,600",0,3,18,West,California,San Francisco,24/04/2014,"$2,004",,,,
826,1,1,0,1,1,"$69,700",1,2,12,East,Pennsylvania,Philadelphia,23/10/2010,"$1,432",,,,
827,1,0,0,0,0,"$17,300",0,1,6,Midwest,Kansas,Kansas City,29/03/2012,$411,,,,
828,2,0,0,1,1,"$66,500",1,NA,24,East,Massachusetts,Boston,30/04/2015,"$1,181",,,,
829,1,0,0,0,0,"$20,700",1,1,12,Midwest,Indiana,Indianapolis,27/11/2010,$550,,,,
830,1,0,0,0,1,"$13,100",0,NA,18,South,Tennessee,Memphis,28/04/2015,$314,,,,
831,2,1,1,1,1,"$77,700",0,NA,6,East,New York,New York,16/03/2015,$983,,,,
832,2,1,1,1,1,"$65,800",1,NA,12,Midwest,Missouri,St. Louis,15/01/2015,"$1,017",,,,
833,1,1,0,0,1,"$21,300",0,1,24,West,Arizona,Phoenix,13/01/2013,$677,,,,
834,3,0,0,0,0,"$19,700",0,1,6,South,Tennessee,Memphis,15/10/2014,$535,,,,
835,1,1,0,0,1,"$17,900",0,NA,18,Midwest,Indiana,Indianapolis,01/01/2015,$395,,,,
836,3,1,1,1,1,"$116,100",1,3,24,West,Utah,Salt Lake City,09/12/2013,"$2,975",,,,
837,2,1,1,1,1,"$113,000",2,2,18,Midwest,Kentucky,Louisville,03/03/2015,"$1,554",,,,
838,1,1,0,0,0,"$25,300",0,2,12,South,Florida,Miami,02/11/2009,$591,,,,
839,1,0,0,0,0,"$13,600",1,NA,18,Midwest,Kentucky,Louisville,10/06/2015,$349,,,,
840,2,0,1,1,1,"$97,500",1,3,12,South,Tennessee,Memphis,01/11/2013,"$1,280",,,,
841,2,0,1,0,1,"$68,400",0,3,12,West,California,San Francisco,20/06/2010,"$1,304",,,,
842,2,0,1,1,1,"$131,500",3,NA,6,Midwest,Kansas,Kansas City,16/06/2015,"$2,840",,,,
843,1,1,0,0,1,"$19,600",0,1,12,South,Florida,Orlando,31/07/2009,$395,,,,
844,3,0,1,1,1,"$51,000",0,2,12,East,New York,Buffalo,28/12/2013,"$1,025",,,,
845,1,0,0,1,0,"$47,200",1,2,12,West,Arizona,Phoenix,30/03/2009,"$1,272",,,,
846,2,1,0,0,0,"$36,700",1,2,24,West,Colorado,Denver,22/02/2013,"$1,218",,,,
847,2,1,1,1,1,"$83,900",0,3,24,South,Louisiana,New Orleans,04/01/2015,"$1,721",,,,
848,3,0,1,1,0,"$78,900",0,3,18,West,California,Los Angeles,04/09/2011,"$2,233",,,,
849,2,0,1,0,1,"$48,400",0,2,12,East,Ohio,Cleveland,17/12/2013,$992,,,,
850,2,0,1,1,1,"$62,200",3,NA,24,Midwest,Indiana,Indianapolis,17/06/2015,"$2,119",,,,
851,3,0,0,0,1,"$37,000",1,NA,6,East,New York,New York,14/08/2015,$632,,,,
852,2,0,1,1,0,"$77,600",3,2,12,East,Pennsylvania,Pittsburgh,26/04/2015,$858,,,,
853,1,0,0,0,0,"$18,400",1,1,6,South,Tennessee,Memphis,03/01/2010,$303,,,,
854,1,0,0,0,0,"$10,200",2,1,18,Midwest,Illinois,Chicago,16/03/2013,$213,,,,
855,2,1,0,0,0,"$52,200",0,3,24,West,Colorado,Denver,12/04/2014,"$1,909",,,,
856,2,1,1,1,0,"$108,000",3,3,24,Midwest,Kansas,Kansas City,23/03/2012,"$1,849",,,,
857,2,0,1,1,0,"$102,800",2,3,18,South,Louisiana,New Orleans,21/03/2015,"$2,238",,,,
858,3,1,1,0,1,"$69,100",0,3,12,West,California,Los Angeles,28/07/2014,"$1,477",,,,
859,1,0,0,1,1,"$25,900",1,1,6,West,Washington,Seattle,23/01/2014,$242,,,,
860,1,1,0,1,1,"$45,800",0,2,6,East,Ohio,Cleveland,15/10/2012,$489,,,,
861,3,0,1,1,0,"$100,100",0,3,12,East,Pennsylvania,Philadelphia,18/12/2009,"$3,104",,,,
862,1,0,1,0,0,"$16,300",0,NA,12,Midwest,Ohio,Cincinnati,04/06/2015,$360,,,,
863,1,0,0,1,0,"$32,700",1,NA,18,South,Texas,Houston,24/06/2015,"$1,276",,,,
864,2,0,0,0,1,"$32,700",2,1,6,Midwest,Illinois,Chicago,04/09/2009,$273,,,,
865,2,1,1,1,1,"$71,600",1,NA,12,West,Washington,Seattle,22/05/2015,"$1,198",,,,
866,1,0,0,0,1,"$26,700",1,NA,12,South,Louisiana,New Orleans,02/06/2015,$459,,,,
867,1,0,0,0,1,"$16,300",1,NA,12,West,Washington,Seattle,27/02/2015,$470,,,,
868,1,1,0,1,1,"$45,500",0,2,6,West,Washington,Seattle,21/04/2010,$754,,,,
869,1,0,1,0,0,"$33,200",2,2,12,Midwest,Missouri,St. Louis,24/04/2009,$607,,,,
870,2,0,0,1,1,"$72,900",3,1,6,West,Arizona,Phoenix,09/03/2013,$252,,,,
871,2,0,0,1,1,"$96,700",2,2,12,South,Texas,Houston,05/05/2010,"$1,231",,,,
872,1,0,0,0,1,"$16,900",1,1,6,Midwest,Kansas,Kansas City,19/07/2011,$247,,,,
873,2,1,0,1,0,"$52,800",2,2,12,South,Tennessee,Memphis,23/09/2014,$926,,,,
874,2,1,1,1,1,"$60,500",3,1,12,East,New York,New York,30/04/2014,$340,,,,
875,3,0,1,1,1,"$26,700",0,1,24,West,California,Los Angeles,11/07/2009,"$1,120",,,,
876,2,1,0,0,1,"$63,600",0,3,6,East,Ohio,Cleveland,14/03/2010,"$1,318",,,,
877,1,0,1,0,1,"$27,100",2,1,24,Midwest,Illinois,Chicago,27/02/2012,$437,,,,
878,2,0,0,0,1,"$27,200",3,1,24,South,Texas,Houston,27/03/2009,$243,,,,
879,2,0,0,1,1,"$87,700",3,NA,24,East,Pennsylvania,Pittsburgh,22/02/2015,"$2,446",,,,
880,2,1,1,0,0,"$68,700",1,NA,24,South,Texas,Dallas,28/08/2015,"$1,699",,,,
881,2,1,1,0,1,"$60,200",3,NA,12,East,Pennsylvania,Pittsburgh,08/04/2015,"$1,364",,,,
882,1,0,0,1,1,"$47,300",0,NA,6,South,Texas,Houston,10/06/2015,$640,,,,
883,3,1,1,0,0,"$61,000",0,3,6,West,Arizona,Phoenix,25/02/2013,$975,,,,
884,2,1,1,1,1,"$84,200",0,3,24,South,Louisiana,New Orleans,25/04/2009,"$1,654",,,,
885,2,0,1,1,1,"$86,900",0,3,18,West,Colorado,Denver,25/09/2014,"$2,230",,,,
886,1,0,0,0,0,"$21,700",3,NA,24,West,Utah,Salt Lake City,06/08/2015,$708,,,,
887,1,1,0,0,1,"$17,600",0,NA,6,Midwest,Indiana,Indianapolis,03/06/2015,$245,,,,
888,2,1,1,0,0,"$50,100",1,3,18,Midwest,Indiana,Indianapolis,18/07/2011,"$1,071",,,,
889,2,0,0,0,1,"$42,700",0,2,12,Midwest,Indiana,Indianapolis,02/09/2011,$827,,,,
890,2,1,0,0,1,"$41,800",3,1,24,East,Pennsylvania,Pittsburgh,26/02/2013,$301,,,,
891,1,1,0,1,0,"$53,600",3,2,24,East,Ohio,Cleveland,27/07/2010,"$1,560",,,,
892,2,1,1,1,1,"$96,900",0,3,6,South,Louisiana,New Orleans,12/09/2009,"$1,159",,,,
893,1,1,0,0,1,"$10,200",0,NA,24,West,California,Los Angeles,04/04/2015,$362,,,,
894,2,1,0,0,0,"$49,000",0,3,18,West,California,Los Angeles,10/06/2011,"$1,523",,,,
895,3,1,1,1,0,"$74,500",0,NA,18,South,Florida,Orlando,06/01/2015,"$1,413",,,,
896,1,1,0,0,1,"$19,800",2,1,12,Midwest,Ohio,Cincinnati,17/08/2014,$209,,,,
897,3,0,0,0,0,"$13,900",0,1,6,East,New York,Buffalo,06/04/2012,$191,,,,
898,2,1,0,0,1,"$42,300",0,2,24,East,New York,Buffalo,06/09/2014,"$1,051",,,,
899,3,0,1,1,1,"$52,200",1,2,12,Midwest,Ohio,Cincinnati,28/05/2010,$669,,,,
900,1,0,1,1,0,"$70,900",0,NA,6,East,Ohio,Cleveland,22/08/2015,$690,,,,
901,3,0,1,0,1,"$24,400",0,1,6,East,New York,Buffalo,23/03/2014,$491,,,,
902,2,0,0,1,1,"$68,800",0,NA,6,South,Florida,Orlando,10/07/2015,"$1,658",,,,
903,1,1,0,0,1,"$10,400",0,NA,18,Midwest,Indiana,Indianapolis,21/06/2015,$189,,,,
904,2,1,1,1,0,"$79,200",1,3,6,West,Utah,Salt Lake City,12/04/2009,"$1,905",,,,
905,1,1,0,0,1,"$18,000",0,1,12,South,Florida,Orlando,17/09/2014,$303,,,,
906,2,0,1,0,1,"$43,100",0,NA,24,East,Pennsylvania,Philadelphia,20/02/2015,"$1,444",,,,
907,1,0,1,0,1,"$27,800",3,NA,12,West,Arizona,Phoenix,10/08/2015,$408,,,,
908,2,1,1,1,1,"$97,200",0,NA,12,Midwest,Ohio,Cincinnati,17/03/2015,"$1,634",,,,
909,2,1,0,0,1,"$38,600",1,1,18,West,Arizona,Phoenix,18/11/2014,$542,,,,
910,1,1,1,1,1,"$55,100",0,2,18,Midwest,Illinois,Chicago,29/08/2013,"$1,439",,,,
911,3,0,1,1,1,"$62,800",0,3,18,East,Massachusetts,Boston,01/01/2014,"$1,403",,,,
912,1,0,0,0,1,"$29,200",3,NA,6,South,Florida,Orlando,08/04/2015,$636,,,,
913,1,1,0,0,1,"$10,200",2,NA,12,Midwest,Illinois,Chicago,23/07/2015,$333,,,,
914,1,0,0,0,0,"$14,300",2,1,6,West,Utah,Salt Lake City,26/02/2013,$194,,,,
915,2,1,0,0,1,"$70,000",0,3,6,Midwest,Missouri,St. Louis,11/06/2010,$785,,,,
916,2,0,0,1,1,"$79,900",1,2,18,East,Ohio,Cleveland,26/05/2012,"$1,165",,,,
917,1,0,0,0,1,"$12,500",1,1,6,South,Florida,Miami,03/04/2011,$202,,,,
918,2,0,0,1,1,"$84,200",2,2,24,East,Pennsylvania,Pittsburgh,06/06/2014,$954,,,,
919,3,0,0,0,1,"$14,600",1,1,24,West,California,Los Angeles,05/07/2015,$385,,,,
920,1,0,0,1,1,"$13,800",0,1,18,South,Florida,Orlando,01/01/2014,$363,,,,
921,2,1,0,1,0,"$72,200",1,3,12,Midwest,Kentucky,Louisville,13/10/2014,"$2,082",,,,
922,2,1,0,0,1,"$49,100",0,NA,6,East,New York,Buffalo,30/06/2015,$934,,,,
923,2,0,1,0,1,"$53,300",3,NA,6,East,Pennsylvania,Philadelphia,02/07/2015,$508,,,,
924,2,1,1,1,1,"$118,600",1,NA,12,West,Colorado,Denver,07/02/2015,"$1,553",,,,
925,1,1,0,1,1,"$56,900",2,1,12,Midwest,Indiana,Indianapolis,06/09/2013,$687,,,,
926,2,1,1,1,1,"$109,200",3,1,24,South,Florida,Miami,16/05/2015,"$1,102",,,,
927,1,0,0,0,1,"$23,200",3,NA,24,South,Texas,Dallas,06/07/2015,$770,,,,
928,2,0,0,1,0,"$61,500",3,2,24,Midwest,Kentucky,Louisville,13/10/2013,"$1,162",,,,
929,1,0,0,0,0,"$25,600",2,NA,18,Midwest,Missouri,St. Louis,18/01/2015,$426,,,,
930,3,0,0,0,0,"$15,000",0,1,12,East,New York,New York,10/09/2012,$378,,,,
931,3,1,1,1,1,"$168,800",0,3,6,East,Pennsylvania,Philadelphia,15/10/2011,"$1,512",,,,
932,3,1,0,1,1,"$49,600",0,2,6,South,Florida,Orlando,11/11/2013,$770,,,,
933,3,0,1,0,0,"$40,600",2,2,6,South,Louisiana,New Orleans,12/03/2014,$690,,,,
934,2,0,1,1,1,"$111,900",1,NA,12,South,Florida,Orlando,17/04/2015,"$2,340",,,,
935,1,1,0,0,0,"$17,500",0,1,18,Midwest,Indiana,Indianapolis,12/07/2015,$472,,,,
936,3,0,1,0,1,"$64,600",0,NA,6,Midwest,Kentucky,Louisville,19/05/2015,"$1,298",,,,
937,3,0,1,0,1,"$33,000",3,NA,6,West,Arizona,Phoenix,21/01/2015,$700,,,,
938,3,0,1,0,1,"$22,800",0,1,6,East,New York,New York,21/10/2014,$258,,,,
939,3,1,0,1,0,"$23,800",0,NA,12,East,Massachusetts,Boston,21/04/2015,$428,,,,
940,2,1,1,1,0,"$140,000",0,3,12,West,Washington,Seattle,26/02/2009,"$4,894",,,,
941,2,0,1,1,1,"$96,500",1,3,18,Midwest,Kentucky,Louisville,06/09/2013,"$1,364",,,,
942,1,0,0,0,1,"$14,200",2,1,18,East,New York,Buffalo,02/02/2012,$197,,,,
943,2,1,1,1,1,"$98,400",0,3,18,West,Utah,Salt Lake City,09/04/2012,"$3,305",,,,
944,2,1,1,1,1,"$82,400",3,NA,18,East,Pennsylvania,Pittsburgh,09/01/2015,"$2,122",,,,
945,2,1,1,1,1,"$76,100",0,NA,6,East,New York,Buffalo,30/01/2015,$719,,,,
946,2,0,0,0,1,"$43,000",3,1,24,South,Louisiana,New Orleans,25/12/2009,$225,,,,
947,3,0,0,1,1,"$71,800",0,3,24,East,Massachusetts,Boston,30/08/2011,"$1,946",,,,
948,2,1,1,1,1,"$117,900",0,3,6,Midwest,Illinois,Chicago,13/12/2012,"$1,760",,,,
949,3,1,0,1,1,"$71,800",0,3,12,East,Massachusetts,Boston,15/07/2012,"$1,389",,,,
950,2,1,1,1,0,"$118,400",2,NA,12,South,Florida,Orlando,21/08/2015,"$3,941",,,,
951,1,0,0,1,1,"$61,700",0,NA,12,East,Massachusetts,Boston,06/02/2015,"$1,161",,,,
952,2,1,1,1,1,"$108,200",3,1,12,East,New York,New York,18/07/2011,$635,,,,
953,3,1,1,1,1,"$75,500",0,3,6,South,Texas,Dallas,14/03/2015,$741,,,,
954,2,0,1,0,1,"$53,700",3,1,12,West,Washington,Seattle,20/12/2010,$235,,,,
955,2,1,1,1,1,"$96,600",0,NA,12,West,Arizona,Phoenix,04/05/2015,"$1,437",,,,
956,3,1,1,0,1,"$38,700",0,NA,24,East,Massachusetts,Boston,20/06/2015,"$1,506",,,,
957,3,0,1,0,1,"$11,400",0,NA,6,East,Massachusetts,Boston,23/06/2015,$258,,,,
958,2,0,1,1,0,"$109,800",0,3,18,East,New York,New York,02/11/2012,"$4,279",,,,
959,1,0,0,0,1,"$14,400",1,1,18,East,Pennsylvania,Philadelphia,25/05/2014,$223,,,,
960,1,0,0,0,0,"$14,500",1,1,6,South,Florida,Miami,14/02/2014,$222,,,,
961,2,0,1,0,1,"$48,700",1,NA,12,West,Arizona,Phoenix,10/06/2015,"$1,457",,,,
962,3,0,1,0,1,"$12,700",2,1,6,South,Florida,Miami,26/09/2011,$65,,,,
963,2,1,0,1,0,"$97,600",1,NA,12,West,Utah,Salt Lake City,09/03/2015,"$2,902",,,,
964,2,1,1,1,1,"$96,500",0,3,24,South,Texas,Dallas,10/11/2011,"$3,780",,,,
965,3,0,0,0,1,"$11,000",0,NA,24,South,Texas,Houston,22/05/2015,$195,,,,
966,3,0,0,0,0,"$14,000",0,1,12,West,Washington,Seattle,02/05/2015,$410,,,,
967,1,0,0,0,1,"$21,700",2,NA,6,West,Colorado,Denver,01/04/2015,$387,,,,
968,3,1,0,1,1,"$34,500",0,2,12,East,Ohio,Cleveland,25/04/2015,$802,,,,
969,1,1,0,0,1,"$18,200",0,1,12,Midwest,Illinois,Chicago,09/12/2013,$401,,,,
970,2,0,1,0,0,"$55,600",1,3,18,West,Utah,Salt Lake City,26/04/2009,"$1,553",,,,
971,2,0,1,1,1,"$110,400",3,1,24,East,Ohio,Cleveland,25/02/2015,"$1,093",,,,
972,2,1,1,1,1,"$92,300",1,NA,24,Midwest,Kansas,Kansas City,24/04/2015,"$2,141",,,,
973,2,1,1,0,0,"$72,300",0,3,24,Midwest,Indiana,Indianapolis,21/02/2012,"$4,182",,,,
974,2,1,1,1,0,"$113,600",2,3,18,West,California,San Francisco,27/09/2012,"$3,237",,,,
975,2,0,0,1,1,"$88,600",3,1,6,East,Pennsylvania,Philadelphia,28/10/2013,$212,,,,
976,1,1,0,0,0,"$14,900",1,NA,12,South,Florida,Orlando,07/04/2015,$422,,,,
977,1,1,1,1,1,"$73,000",0,NA,6,West,California,Los Angeles,02/04/2015,"$1,534",,,,
978,2,0,1,0,1,"$36,900",2,1,24,South,Tennessee,Memphis,03/06/2013,$514,,,,
979,3,1,1,0,1,"$62,200",0,NA,12,East,Pennsylvania,Philadelphia,06/02/2015,"$1,583",,,,
980,1,0,0,0,0,"$13,200",0,NA,24,South,Texas,Houston,22/03/2015,$358,,,,
981,1,0,0,0,1,"$13,300",1,1,6,Midwest,Illinois,Chicago,25/08/2013,$184,,,,
982,2,1,1,0,1,"$64,300",0,NA,6,South,Louisiana,New Orleans,27/01/2015,"$1,325",,,,
983,1,0,1,0,0,"$41,000",1,2,12,Midwest,Kansas,Kansas City,13/04/2013,$768,,,,
984,3,1,1,1,0,"$86,500",0,3,24,South,Louisiana,New Orleans,17/10/2010,"$2,690",,,,
985,2,1,1,1,0,"$70,000",1,NA,6,West,Washington,Seattle,01/06/2015,"$1,227",,,,
986,2,0,1,1,1,"$123,600",1,NA,12,South,Louisiana,New Orleans,29/03/2015,"$1,892",,,,
987,3,0,1,1,1,"$25,900",0,1,18,West,Utah,Salt Lake City,04/05/2013,$582,,,,
988,2,1,1,1,0,"$81,200",0,3,12,Midwest,Kansas,Kansas City,30/11/2010,"$2,693",,,,
989,1,1,1,0,1,"$41,400",0,2,18,Midwest,Ohio,Cincinnati,10/04/2013,$643,,,,
990,1,0,0,0,0,"$12,400",3,1,18,South,Louisiana,New Orleans,05/04/2013,$205,,,,
991,1,0,0,0,1,"$14,100",3,NA,6,South,Tennessee,Memphis,08/08/2015,$153,,,,
992,2,1,1,1,1,"$65,900",1,2,12,Midwest,Kansas,Kansas City,26/12/2011,"$1,081",,,,
993,3,1,1,1,0,"$59,700",0,3,18,Midwest,Ohio,Cincinnati,23/10/2012,"$1,857",,,,
994,1,1,0,0,1,"$17,800",0,1,18,Midwest,Kentucky,Louisville,31/01/2012,$292,,,,
995,3,1,1,0,1,"$41,900",0,2,6,South,Florida,Miami,07/07/2013,$654,,,,
996,2,0,1,0,1,"$53,800",0,2,12,West,Washington,Seattle,14/08/2015,$843,,,,
997,3,0,0,0,1,"$21,200",0,1,6,East,Ohio,Cleveland,11/11/2014,$242,,,,
998,2,1,1,1,1,"$102,600",0,3,18,East,Pennsylvania,Philadelphia,09/08/2013,"$2,546",,,,
999,2,0,0,1,1,"$93,700",1,3,24,East,Pennsylvania,Pittsburgh,15/04/2015,"$1,521",,,,
1000,2,1,1,1,1,"$102,500",1,3,24,West,Utah,Salt Lake City,09/03/2012,"$2,464",,,,
